,Name,Rk_2017,GP_2017,G_2017,A_2017,P_2017,PIM_2017,+/-_2017,TOI_2017,PPG_2017,GWG_2017,PPP_2017,G/GP_2017,A/GP_2017,P/GP_2017,SHOTS_2017,SH_2017,HITS_2017,BS_2017,Rk_2018,GP_2018,G_2018,A_2018,P_2018,PIM_2018,+/-_2018,TOI_2018,PPG_2018,GWG_2018,PPP_2018,G/GP_2018,A/GP_2018,P/GP_2018,SHOTS_2018,SH_2018,HITS_2018,BS_2018,norm_P_2017,norm_PPP_2017,norm_SHOTS_2017,norm_GWG_2017,norm_SH_2017,norm_total_2017
0,Aaron Ekblad,185,82,16,22,38,71,9,1402,5,4,11,0.195,0.268,0.463,189,8.5,69,121,193,82,13,24,37,47,1,1418,5,1,10,0.159,0.293,0.451,180,7.2,114,88,0.07894736842105263,0.2619047619047619,0.41754385964912283,0.3333333333333333,0.2753623188405797,1.3670916421488504
1,Adam Henrique,115,81,24,26,50,20,11,1066,6,8,13,0.296,0.321,0.617,151,15.9,61,61,155,82,18,24,42,24,-5,987,8,3,13,0.22,0.293,0.512,122,14.8,78,71,0.23684210526315788,0.30952380952380953,0.28421052631578947,0.6666666666666666,0.6328502415458939,2.1300933493153176
2,Adrian Kempe,193,81,16,21,37,49,11,799,1,3,5,0.198,0.259,0.457,119,13.5,91,18,280,81,12,16,28,50,-10,870,0,2,4,0.148,0.198,0.346,118,10.2,86,21,0.06578947368421052,0.11904761904761904,0.17192982456140352,0.25,0.5169082125603864,1.1236751298536194
3,Aleksander Barkov,25,79,27,51,78,14,9,1324,5,3,17,0.342,0.646,0.987,256,10.6,30,67,10,82,35,61,96,8,-3,1341,13,5,31,0.427,0.744,1.171,206,17.0,28,61,0.6052631578947368,0.40476190476190477,0.6526315789473685,0.25,0.37681159420289856,2.2894682358069085
4,Alex DeBrincat,102,82,28,24,52,6,6,888,6,1,12,0.341,0.293,0.634,181,15.5,40,25,33,82,41,35,76,15,0,1062,13,3,24,0.5,0.427,0.927,220,18.6,35,26,0.2631578947368421,0.2857142857142857,0.3894736842105263,0.08333333333333333,0.6135265700483091,1.6352057680432965
5,Alex Galchenyuk,109,82,19,32,51,22,-31,974,9,2,24,0.232,0.39,0.622,213,8.9,33,37,161,72,19,22,41,34,-19,943,9,4,21,0.264,0.306,0.569,159,12.0,62,34,0.25,0.5714285714285714,0.5017543859649123,0.16666666666666666,0.2946859903381643,1.7845356143983147
6,Alex Goligoski,214,78,12,23,35,26,-31,1396,3,3,11,0.154,0.295,0.449,119,10.1,114,154,303,76,3,24,27,16,-7,1249,1,0,7,0.039,0.316,0.355,102,2.9,79,154,0.039473684210526314,0.2619047619047619,0.17192982456140352,0.25,0.3526570048309179,1.0759652755076097
7,Alex Killorn,136,82,15,32,47,45,22,990,2,1,9,0.183,0.39,0.573,156,9.6,82,25,169,82,18,22,40,45,22,892,2,2,5,0.22,0.268,0.488,153,11.8,88,23,0.19736842105263158,0.21428571428571427,0.3017543859649123,0.08333333333333333,0.3285024154589372,1.1252442700955287
8,Alex Pietrangelo,97,78,15,39,54,22,8,1544,3,5,13,0.192,0.5,0.692,216,6.9,48,164,164,71,13,28,41,22,2,1444,3,2,15,0.183,0.394,0.577,168,7.7,62,139,0.2894736842105263,0.30952380952380953,0.512280701754386,0.4166666666666667,0.19806763285024157,1.7260124950056301
9,Alex Tuch,195,78,15,22,37,27,3,913,4,4,10,0.192,0.282,0.474,171,8.8,99,42,105,74,20,32,52,8,13,1003,3,6,6,0.27,0.432,0.703,180,11.1,92,40,0.06578947368421052,0.23809523809523808,0.3543859649122807,0.3333333333333333,0.2898550724637682,1.2814590824888308
10,Alexander Edler,227,70,6,28,34,68,-18,1458,1,2,15,0.086,0.4,0.486,172,3.5,157,203,225,56,10,24,34,54,3,1474,4,2,17,0.179,0.429,0.607,128,7.8,127,166,0.02631578947368421,0.35714285714285715,0.35789473684210527,0.16666666666666666,0.03381642512077296,0.9418364752460863
11,Alexander Kerfoot,157,79,19,24,43,28,-7,805,5,0,17,0.241,0.304,0.544,81,23.5,42,35,157,78,15,27,42,38,-9,892,4,1,16,0.192,0.346,0.538,116,12.9,22,29,0.14473684210526316,0.40476190476190477,0.03859649122807018,0.0,1.0,1.5880952380952382
12,Alexander Ovechkin,11,82,49,38,87,32,3,1208,17,7,31,0.598,0.463,1.061,355,13.8,139,21,15,81,51,38,89,40,7,1255,18,5,28,0.63,0.469,1.099,338,15.1,223,41,0.7236842105263158,0.7380952380952381,1.0,0.5833333333333334,0.5314009661835749,3.5765137481384626
13,Alexander Radulov,31,82,27,45,72,72,4,1207,7,4,23,0.329,0.549,0.878,217,12.4,77,64,46,70,29,43,72,54,22,1186,7,7,23,0.414,0.614,1.029,209,13.9,60,83,0.5263157894736842,0.5476190476190477,0.5157894736842106,0.3333333333333333,0.46376811594202905,2.3868257600523046
14,Alexander Steen,142,76,15,31,46,20,-11,1122,4,2,14,0.197,0.408,0.605,168,8.9,53,58,296,65,10,17,27,14,2,950,2,0,5,0.154,0.262,0.415,114,8.8,55,50,0.18421052631578946,0.3333333333333333,0.34385964912280703,0.16666666666666666,0.2946859903381643,1.3227561657767608
15,Alexander Wennberg,217,66,8,27,35,12,22,1087,3,2,5,0.121,0.409,0.53,74,10.8,28,46,337,75,2,23,25,12,-1,904,1,0,6,0.027,0.307,0.333,64,3.1,34,32,0.039473684210526314,0.11904761904761904,0.014035087719298246,0.16666666666666666,0.3864734299516908,0.725696487595801
16,Anders Lee,62,82,40,22,62,44,-25,1036,14,2,22,0.488,0.268,0.756,208,19.2,102,38,106,82,28,23,51,58,20,1025,10,5,16,0.341,0.28,0.622,204,13.7,103,51,0.39473684210526316,0.5238095238095238,0.4842105263157895,0.16666666666666666,0.7922705314009661,2.3616940902982093
17,Andreas Athanasiou,229,71,16,17,33,16,-15,918,1,2,3,0.225,0.239,0.465,170,9.4,24,28,89,76,30,24,54,38,-9,1018,3,4,11,0.395,0.316,0.711,216,13.9,33,26,0.013157894736842105,0.07142857142857142,0.3508771929824561,0.16666666666666666,0.31884057971014496,0.9209709055246813
18,Anthony Beauvillier,201,71,21,15,36,16,2,872,3,2,8,0.296,0.211,0.507,132,15.9,80,29,279,81,18,10,28,8,1,878,1,4,2,0.222,0.123,0.346,156,11.5,87,35,0.05263157894736842,0.19047619047619047,0.21754385964912282,0.16666666666666666,0.6328502415458939,1.2601685372852423
19,Anthony Mantha,125,80,24,24,48,52,-1,1037,9,2,12,0.3,0.3,0.6,190,12.6,91,36,117,67,25,23,48,30,-8,1069,7,1,13,0.373,0.343,0.716,198,12.6,67,23,0.21052631578947367,0.2857142857142857,0.42105263157894735,0.16666666666666666,0.4734299516908213,1.5573898514401947
20,Anze Kopitar,7,82,35,57,92,20,21,1325,7,6,27,0.427,0.695,1.122,200,17.5,50,64,72,81,22,38,60,30,-20,1338,1,3,19,0.272,0.469,0.741,156,14.1,59,66,0.7894736842105263,0.6428571428571429,0.45614035087719296,0.5,0.7101449275362319,3.0986161054810943
21,Artemi Panarin,20,81,27,55,82,26,23,1207,7,5,21,0.333,0.679,1.012,228,11.8,15,19,18,79,28,59,87,23,14,1191,6,8,18,0.354,0.747,1.101,191,14.7,14,17,0.6578947368421053,0.5,0.5543859649122806,0.4166666666666667,0.43478260869565216,2.563729977116705
22,Auston Matthews,58,62,34,29,63,12,25,1087,5,5,13,0.548,0.468,1.016,187,18.2,16,61,42,68,37,36,73,12,-9,1113,12,5,20,0.544,0.529,1.074,251,14.7,28,60,0.40789473684210525,0.30952380952380953,0.4105263157894737,0.4166666666666667,0.7439613526570048,2.28857288147906
23,Blake Wheeler,9,81,23,68,91,52,13,1214,6,2,40,0.284,0.84,1.123,246,9.4,94,66,14,82,20,71,91,60,0,1242,2,3,33,0.244,0.866,1.11,231,8.7,81,53,0.7763157894736842,0.9523809523809523,0.6175438596491228,0.16666666666666666,0.31884057971014496,2.831747847880571
24,Bo Horvat,151,64,22,22,44,10,-1,1161,10,3,13,0.344,0.344,0.688,158,13.9,35,29,70,82,27,34,61,33,-4,1250,7,3,18,0.329,0.415,0.744,227,11.9,62,63,0.15789473684210525,0.30952380952380953,0.3087719298245614,0.25,0.5362318840579711,1.5624223602484473
25,Bobby Ryan,235,62,11,22,33,14,-12,986,1,1,4,0.177,0.355,0.532,112,9.8,97,52,156,78,15,27,42,35,-29,940,7,1,16,0.192,0.346,0.538,160,9.4,77,49,0.013157894736842105,0.09523809523809523,0.14736842105263157,0.08333333333333333,0.3381642512077295,0.6772619955686318
26,Boone Jenner,243,75,13,19,32,39,1,987,2,2,3,0.173,0.253,0.427,187,7.0,205,83,182,77,16,22,38,42,6,1023,1,3,3,0.208,0.286,0.494,170,9.4,158,70,0.0,0.07142857142857142,0.4105263157894737,0.16666666666666666,0.2028985507246377,0.8515201046093495
27,Brad Marchand,13,68,34,51,85,63,25,1182,8,8,23,0.5,0.75,1.25,182,18.7,37,25,5,79,36,64,100,96,15,1177,10,9,34,0.456,0.81,1.266,231,15.6,46,19,0.6973684210526315,0.5476190476190477,0.3929824561403509,0.6666666666666666,0.7681159420289855,3.072752533507682
28,Brandon Montour,250,80,9,23,32,42,16,1228,5,5,12,0.113,0.288,0.4,160,5.6,96,83,215,82,8,27,35,56,-20,1346,1,2,6,0.098,0.329,0.427,181,4.4,99,121,0.0,0.2857142857142857,0.3157894736842105,0.4166666666666667,0.13526570048309178,1.1534361265482547
29,Brandon Saad,208,82,18,17,35,14,-10,1050,1,8,1,0.22,0.207,0.427,237,7.6,29,32,124,80,23,24,47,12,-9,1061,5,3,6,0.288,0.3,0.588,195,11.8,52,25,0.039473684210526314,0.023809523809523808,0.5859649122807018,0.6666666666666666,0.2318840579710145,1.547798844938433
30,Brayden Point,45,82,32,34,66,24,18,1178,5,12,11,0.39,0.415,0.805,217,14.8,26,57,12,79,41,51,92,28,27,1135,20,7,35,0.519,0.646,1.165,191,21.5,31,43,0.4473684210526316,0.2619047619047619,0.5157894736842106,1.0,0.5797101449275363,2.80477280156914
31,Brayden Schenn,35,82,28,42,70,56,10,1183,8,8,19,0.341,0.512,0.854,210,13.3,154,37,91,72,17,37,54,40,3,1115,4,5,12,0.236,0.514,0.75,159,10.7,111,31,0.5,0.4523809523809524,0.49122807017543857,0.6666666666666666,0.5072463768115942,2.6175220660346517
32,Brendan Gallagher,95,82,31,23,54,34,-13,970,8,4,17,0.378,0.28,0.659,278,11.2,90,41,102,82,33,19,52,49,10,983,4,4,7,0.402,0.232,0.634,302,10.9,126,31,0.2894736842105263,0.40476190476190477,0.7298245614035088,0.3333333333333333,0.40579710144927533,2.1631905851585485
33,Brent Burns,42,82,12,55,67,46,-16,1514,5,2,27,0.146,0.671,0.817,332,3.6,79,136,22,82,16,67,83,34,13,1505,7,6,28,0.195,0.817,1.012,300,5.3,90,105,0.4605263157894737,0.6428571428571429,0.9192982456140351,0.16666666666666666,0.038647342995169094,2.2279957139224877
34,Brock Boeser,91,62,29,26,55,16,-5,1049,10,4,23,0.468,0.419,0.887,179,16.2,29,24,80,69,26,30,56,22,-2,1149,6,3,15,0.377,0.435,0.812,209,12.4,14,22,0.3026315789473684,0.5476190476190477,0.3824561403508772,0.3333333333333333,0.6473429951690821,2.213383095419709
35,Brock Nelson,207,82,19,16,35,43,-4,884,4,3,8,0.232,0.195,0.427,138,13.8,50,52,95,82,25,28,53,28,20,1078,2,3,8,0.305,0.341,0.646,181,13.8,51,55,0.039473684210526314,0.19047619047619047,0.23859649122807017,0.25,0.5314009661835749,1.2499473320983618
36,Bryan Little,160,82,16,27,43,28,2,1016,2,2,12,0.195,0.329,0.524,129,12.4,50,33,162,82,15,26,41,26,-12,949,4,5,7,0.183,0.317,0.5,126,11.9,62,29,0.14473684210526316,0.2857142857142857,0.20701754385964913,0.16666666666666666,0.46376811594202905,1.2679034542878935
37,Bryan Rust,187,69,13,25,38,26,11,962,2,3,4,0.188,0.362,0.551,123,10.6,97,40,206,72,18,17,35,24,10,954,0,4,0,0.25,0.236,0.486,141,12.8,119,59,0.07894736842105263,0.09523809523809523,0.18596491228070175,0.25,0.37681159420289856,0.9869619701427482
38,Calle Järnkrok,209,68,16,19,35,12,20,953,1,3,4,0.235,0.279,0.515,105,15.2,36,31,312,79,10,16,26,12,13,925,1,1,2,0.127,0.203,0.329,106,9.4,56,22,0.039473684210526314,0.09523809523809523,0.12280701754385964,0.25,0.5990338164251208,1.106552613417602
39,Cam Atkinson,137,65,24,22,46,14,19,1135,3,5,10,0.369,0.338,0.708,231,10.4,32,29,56,80,41,28,69,20,3,1162,8,8,14,0.513,0.35,0.863,295,13.9,27,25,0.18421052631578946,0.23809523809523808,0.5649122807017544,0.4166666666666667,0.3671497584541063,1.771034470233555
40,Carl Söderberg,191,77,16,21,37,26,1,1041,3,3,5,0.208,0.273,0.481,150,10.7,71,64,114,82,23,26,49,26,-5,1046,2,2,10,0.28,0.317,0.598,188,12.2,99,67,0.06578947368421052,0.11904761904761904,0.2807017543859649,0.25,0.38164251207729466,1.0971813591950892
41,Charlie Coyle,197,66,11,26,37,18,8,991,0,1,3,0.167,0.394,0.561,117,9.4,76,63,221,81,12,22,34,20,-1,1006,1,2,4,0.148,0.272,0.42,155,7.7,77,56,0.06578947368421052,0.07142857142857142,0.1649122807017544,0.08333333333333333,0.31884057971014496,0.7043042388580146
42,Chris Kreider,190,58,16,21,37,44,-2,936,7,0,12,0.276,0.362,0.638,137,11.7,103,24,103,79,28,24,52,57,4,1044,7,2,12,0.354,0.304,0.658,201,13.9,159,49,0.06578947368421052,0.2857142857142857,0.23508771929824562,0.0,0.429951690821256,1.0165431695179978
43,Chris Tierney,176,82,17,23,40,8,0,959,3,2,7,0.207,0.28,0.488,118,14.4,26,45,120,81,9,39,48,26,-22,1021,0,1,10,0.111,0.481,0.593,116,7.8,30,54,0.10526315789473684,0.16666666666666666,0.16842105263157894,0.16666666666666666,0.5603864734299517,1.1674040172896007
44,Claude Giroux,2,82,34,68,102,20,28,1221,9,1,36,0.415,0.829,1.244,193,17.6,30,23,19,82,22,63,85,24,9,1287,2,4,23,0.268,0.768,1.037,229,9.6,28,19,0.9210526315789473,0.8571428571428571,0.43157894736842106,0.08333333333333333,0.7149758454106281,3.008083614834187
45,Clayton Keller,50,82,23,42,65,24,-7,1085,6,3,20,0.28,0.512,0.793,212,10.9,7,28,129,82,14,33,47,24,-21,1094,1,5,19,0.171,0.402,0.573,200,7.0,16,21,0.4342105263157895,0.47619047619047616,0.4982456140350877,0.25,0.39130434782608703,2.0499509643674405
46,Colin Miller,172,82,10,31,41,53,-4,1160,5,2,17,0.122,0.378,0.5,177,5.7,165,64,276,65,3,26,29,44,0,1178,1,0,13,0.046,0.4,0.446,131,2.3,122,64,0.11842105263157894,0.40476190476190477,0.37543859649122807,0.16666666666666666,0.14009661835748793,1.2053848389088664
47,Colton Parayko,218,82,6,29,35,13,-7,1356,2,0,9,0.073,0.354,0.427,212,2.8,120,141,283,80,10,18,28,15,20,1367,4,3,8,0.125,0.225,0.35,176,5.7,127,157,0.039473684210526314,0.21428571428571427,0.4982456140350877,0.0,0.0,0.7520050125313282
48,Connor McDavid,1,82,41,67,108,26,20,1292,5,7,20,0.5,0.817,1.317,274,15.0,28,46,2,78,41,75,116,20,3,1370,9,9,33,0.526,0.962,1.487,240,17.1,39,30,1.0,0.47619047619047616,0.7157894736842105,0.5833333333333334,0.5893719806763285,3.3646852638843487
49,Craig Smith,108,79,25,26,51,24,20,922,9,2,14,0.316,0.329,0.646,229,10.9,60,35,181,76,21,17,38,20,11,907,4,2,8,0.276,0.224,0.5,205,10.2,77,33,0.25,0.3333333333333333,0.5578947368421052,0.16666666666666666,0.39130434782608703,1.6991990846681921
50,Danton Heinen,135,77,16,31,47,16,10,901,2,4,12,0.208,0.403,0.61,135,11.9,45,33,222,77,11,23,34,16,13,838,1,2,7,0.143,0.299,0.442,114,9.7,54,36,0.19736842105263158,0.2857142857142857,0.22807017543859648,0.3333333333333333,0.4396135265700484,1.4840997421088953
51,David Krejcí,152,64,17,27,44,18,10,1012,7,2,13,0.266,0.422,0.688,119,14.3,31,35,45,81,20,53,73,16,7,1060,6,4,16,0.247,0.654,0.901,139,14.4,28,24,0.15789473684210525,0.30952380952380953,0.17192982456140352,0.16666666666666666,0.5555555555555556,1.3615705931495405
52,David Pastrnak,21,82,35,45,80,37,10,1079,13,5,26,0.427,0.549,0.976,246,14.2,55,31,26,66,38,43,81,32,6,1125,17,4,33,0.576,0.652,1.227,235,16.2,57,25,0.631578947368421,0.6190476190476191,0.6175438596491228,0.4166666666666667,0.5507246376811594,2.835561730412989
53,David Perron,47,70,16,50,66,50,1,1067,1,4,18,0.229,0.714,0.943,125,12.8,118,20,132,57,23,23,46,46,3,1025,7,1,14,0.404,0.404,0.807,112,20.5,52,13,0.4473684210526316,0.42857142857142855,0.19298245614035087,0.3333333333333333,0.48309178743961356,1.8853474265373578
54,Derek Ryan,186,80,15,23,38,28,-15,936,3,1,7,0.188,0.288,0.475,135,11.1,52,27,184,81,13,25,38,24,21,828,2,1,7,0.16,0.309,0.469,103,12.6,19,19,0.07894736842105263,0.16666666666666666,0.22807017543859648,0.08333333333333333,0.4009661835748793,0.9579837274345284
55,Derek Stepan,87,82,14,42,56,26,-7,1155,3,2,18,0.171,0.512,0.683,209,6.7,52,54,210,72,15,20,35,14,-2,1153,1,3,3,0.208,0.278,0.486,195,7.7,50,51,0.3157894736842105,0.42857142857142855,0.48771929824561405,0.16666666666666666,0.1884057971014493,1.587152664269369
56,Derick Brassard,140,72,21,25,46,34,0,1063,5,3,6,0.292,0.347,0.639,197,10.7,96,25,347,70,14,9,23,39,-19,899,2,0,5,0.2,0.129,0.329,110,12.7,102,15,0.18421052631578946,0.14285714285714285,0.4456140350877193,0.25,0.38164251207729466,1.4043242163379461
57,Devin Shore,246,82,11,21,32,14,-30,925,2,1,11,0.134,0.256,0.39,123,8.9,71,57,271,76,10,19,29,13,-12,855,2,4,5,0.132,0.25,0.382,82,12.2,94,64,0.0,0.2619047619047619,0.18596491228070175,0.08333333333333333,0.2946859903381643,0.8258889978569612
58,Dougie Hamilton,153,82,17,27,44,64,1,1290,6,4,12,0.207,0.329,0.537,270,6.3,83,80,175,82,18,21,39,54,0,1180,2,2,7,0.22,0.256,0.476,259,7.0,160,91,0.15789473684210525,0.2857142857142857,0.7017543859649122,0.3333333333333333,0.16908212560386474,1.6477788674585012
59,Drew Doughty,75,82,10,50,60,54,23,1609,3,4,20,0.122,0.61,0.732,205,4.9,127,128,140,82,8,37,45,44,-34,1595,7,1,24,0.098,0.451,0.549,154,5.2,168,120,0.3684210526315789,0.47619047619047616,0.47368421052631576,0.3333333333333333,0.10144927536231887,1.7530783480440228
60,Dustin Brown,68,81,28,33,61,58,31,1190,9,6,15,0.346,0.407,0.753,222,12.6,189,33,107,72,22,29,51,24,-17,1224,9,3,12,0.306,0.403,0.708,180,12.2,150,29,0.3815789473684211,0.35714285714285715,0.5333333333333333,0.5,0.4734299516908213,2.245485089535433
61,Dustin Byfuglien,147,69,8,37,45,112,15,1460,4,1,22,0.116,0.536,0.652,193,4.2,147,100,257,42,4,27,31,69,4,1461,1,1,16,0.095,0.643,0.738,115,3.5,77,51,0.17105263157894737,0.5238095238095238,0.43157894736842106,0.08333333333333333,0.06763285024154592,1.2774072863317714
62,Dylan Larkin,61,82,16,47,63,61,-9,1190,1,4,8,0.195,0.573,0.768,232,6.9,76,42,44,76,32,41,73,75,-6,1310,7,4,15,0.421,0.539,0.961,287,11.2,80,38,0.40789473684210525,0.19047619047619047,0.5684210526315789,0.3333333333333333,0.19806763285024157,1.6981929461334495
63,Elias Lindholm,154,81,16,28,44,18,-8,1072,6,4,9,0.198,0.346,0.543,153,10.5,98,41,30,81,27,51,78,20,30,1202,9,5,26,0.333,0.63,0.963,182,14.8,82,39,0.15789473684210525,0.21428571428571427,0.2912280701754386,0.3333333333333333,0.37198067632850246,1.3687225309650939
64,Eric Staal,26,82,42,34,76,42,8,1068,11,4,17,0.512,0.415,0.927,241,17.4,42,49,104,81,22,30,52,34,-7,1087,7,6,15,0.272,0.37,0.642,215,10.2,41,28,0.5789473684210527,0.40476190476190477,0.6,0.3333333333333333,0.7053140096618357,2.622356616178126
65,Erik Karlsson,65,71,9,53,62,36,-25,1602,3,2,18,0.127,0.746,0.873,196,4.6,58,120,141,53,3,42,45,22,6,1469,2,1,20,0.057,0.792,0.849,169,1.8,44,69,0.39473684210526316,0.42857142857142855,0.4421052631578947,0.16666666666666666,0.08695652173913043,1.5190367222403836
66,Evander Kane,96,78,29,25,54,82,-9,1174,3,2,9,0.372,0.321,0.692,307,9.5,159,34,79,75,30,26,56,153,-4,1104,5,1,11,0.4,0.347,0.747,268,11.2,173,25,0.2894736842105263,0.21428571428571427,0.8315789473684211,0.16666666666666666,0.32367149758454106,1.8256765101158696
67,Evgeni Malkin,4,78,42,56,98,87,16,1139,14,7,38,0.538,0.718,1.256,239,17.6,48,32,48,68,21,51,72,89,-25,1128,9,5,26,0.309,0.75,1.059,187,11.2,54,33,0.868421052631579,0.9047619047619048,0.5929824561403508,0.5833333333333334,0.7149758454106281,3.6644745922777964
68,Evgeny Dadonov,49,74,28,37,65,8,10,1121,6,6,13,0.378,0.5,0.878,188,14.9,27,33,53,82,28,42,70,8,-6,1102,8,4,17,0.341,0.512,0.854,195,14.4,33,42,0.4342105263157895,0.30952380952380953,0.41403508771929826,0.5,0.5845410628019324,2.2423104863608296
69,Evgeny Kuznetsov,19,79,27,56,83,48,3,1128,7,8,30,0.342,0.709,1.051,187,14.4,50,26,49,76,21,51,72,50,7,1127,8,3,23,0.276,0.671,0.947,193,10.9,46,20,0.6710526315789473,0.7142857142857143,0.4105263157894737,0.6666666666666666,0.5603864734299517,3.0229178017507534
70,Filip Forsberg,54,67,26,38,64,38,27,1048,13,6,21,0.388,0.567,0.955,179,14.5,86,37,110,64,28,22,50,26,8,1116,7,4,10,0.438,0.344,0.781,217,12.9,100,29,0.42105263157894735,0.5,0.3824561403508772,0.5,0.5652173913043478,2.3687261632341725
71,Frans Nielsen,230,79,16,17,33,14,1,949,4,3,7,0.203,0.215,0.418,134,11.9,49,62,213,72,10,25,35,14,-7,1000,0,4,8,0.139,0.347,0.486,120,8.3,79,44,0.013157894736842105,0.16666666666666666,0.22456140350877193,0.25,0.4396135265700484,1.0939994914823292
72,Gabriel Landeskog,63,78,25,37,62,37,16,1208,8,1,17,0.321,0.474,0.795,183,13.7,149,51,37,73,34,41,75,51,17,1268,10,9,27,0.466,0.562,1.027,243,14.0,120,64,0.39473684210526316,0.40476190476190477,0.39649122807017545,0.08333333333333333,0.5265700483091786,1.8058933565798552
73,Gustav Nyquist,174,82,21,19,40,20,-2,1070,3,2,8,0.256,0.232,0.488,213,9.9,65,36,73,81,22,38,60,12,1,1051,2,3,12,0.272,0.469,0.741,204,10.8,36,23,0.10526315789473684,0.19047619047619047,0.5017543859649123,0.16666666666666666,0.34299516908212563,1.3071555700846318
74,Ivan Provorov,169,82,17,24,41,20,17,1448,2,2,5,0.207,0.293,0.5,203,8.4,148,169,315,82,7,19,26,32,-16,1506,0,1,2,0.085,0.232,0.317,145,4.8,123,149,0.11842105263157894,0.11904761904761904,0.4666666666666667,0.16666666666666666,0.2705314009661836,1.1413334059787148
75,J.T. Miller,81,82,23,35,58,40,-4,1021,11,5,18,0.28,0.427,0.707,143,16.1,124,26,130,75,13,34,47,30,8,879,4,4,20,0.173,0.453,0.627,108,12.0,115,23,0.34210526315789475,0.42857142857142855,0.256140350877193,0.4166666666666667,0.6425120772946861,2.085995786567869
76,Jack Eichel,55,67,25,39,64,32,-25,1209,3,4,20,0.373,0.582,0.955,246,10.2,52,35,24,77,28,54,82,26,-11,1226,8,2,26,0.364,0.701,1.065,303,9.2,70,51,0.42105263157894735,0.47619047619047616,0.6175438596491228,0.3333333333333333,0.357487922705314,2.2056082234571934
77,Jaden Schwartz,78,62,24,35,59,26,15,1163,6,3,11,0.387,0.565,0.952,157,15.3,52,30,203,69,11,25,36,16,-6,1087,2,1,5,0.159,0.362,0.522,183,6.0,61,27,0.35526315789473684,0.2619047619047619,0.30526315789473685,0.25,0.6038647342995169,1.7762958119937526
78,Jake DeBrusk,159,70,16,27,43,19,13,862,2,5,9,0.229,0.386,0.614,143,11.2,70,26,153,68,27,15,42,18,2,969,8,4,11,0.397,0.221,0.618,156,17.3,45,24,0.14473684210526316,0.21428571428571427,0.256140350877193,0.4166666666666667,0.40579710144927533,1.4376266753841125
79,Jake Gardiner,107,82,5,47,52,32,9,1351,1,0,15,0.061,0.573,0.634,133,3.8,51,103,267,62,3,27,30,26,19,1272,0,0,5,0.048,0.435,0.484,78,3.9,61,64,0.2631578947368421,0.35714285714285715,0.22105263157894736,0.0,0.04830917874396135,0.889662562202608
80,Jake Guentzel,128,82,22,26,48,42,-9,989,7,1,12,0.268,0.317,0.585,171,12.9,142,46,34,82,40,36,76,26,13,1161,6,4,11,0.488,0.439,0.927,227,17.6,105,47,0.21052631578947367,0.2857142857142857,0.3543859649122807,0.08333333333333333,0.4879227053140098,1.4218826050633833
81,Jake Muzzin,166,74,8,34,42,40,10,1299,4,1,14,0.108,0.459,0.568,154,5.2,170,123,197,80,9,28,37,47,21,1280,1,1,5,0.113,0.35,0.463,141,6.4,172,134,0.13157894736842105,0.3333333333333333,0.29473684210526313,0.08333333333333333,0.11594202898550726,0.958924485125858
82,Jakob Silfverberg,175,77,17,23,40,18,6,1077,2,2,8,0.221,0.299,0.519,187,9.1,52,61,148,73,24,19,43,28,-9,1025,3,4,11,0.329,0.26,0.589,163,14.7,38,43,0.10526315789473684,0.19047619047619047,0.4105263157894737,0.16666666666666666,0.30434782608695654,1.177280156914024
83,Jakub Vorácek,15,82,20,65,85,50,10,1167,5,3,35,0.244,0.793,1.037,228,8.8,23,32,62,78,20,46,66,25,-16,1120,4,2,18,0.256,0.59,0.846,210,9.5,17,29,0.6973684210526315,0.8333333333333334,0.5543859649122806,0.25,0.2898550724637682,2.6249427917620136
84,James van Riemsdyk,94,81,36,18,54,30,1,893,11,5,20,0.444,0.222,0.667,248,14.5,40,23,116,66,27,21,48,18,-10,996,8,4,13,0.409,0.318,0.727,167,16.2,34,16,0.2894736842105263,0.47619047619047616,0.624561403508772,0.4166666666666667,0.5652173913043478,2.372109621880789
85,Jamie Benn,22,82,36,43,79,54,20,1189,9,7,22,0.439,0.524,0.963,241,14.9,140,62,94,78,27,26,53,56,14,1093,8,2,11,0.346,0.333,0.679,189,14.3,142,71,0.618421052631579,0.5238095238095238,0.6,0.5833333333333334,0.5845410628019324,2.910104972576369
86,Jared Spurgeon,198,61,9,28,37,8,-6,1472,3,2,13,0.148,0.459,0.607,110,8.2,64,127,151,82,14,29,43,20,-1,1448,4,0,11,0.171,0.354,0.524,152,9.2,91,145,0.06578947368421052,0.30952380952380953,0.14035087719298245,0.16666666666666666,0.2608695652173913,0.9432003922850605
87,Jason Pominville,222,82,16,18,34,8,-17,893,5,1,7,0.195,0.22,0.415,168,9.5,39,35,245,73,16,15,31,4,-4,747,1,3,2,0.219,0.205,0.425,134,11.9,18,20,0.02631578947368421,0.16666666666666666,0.34385964912280703,0.08333333333333333,0.32367149758454106,0.9438469361810323
88,Jason Zucker,52,82,33,31,64,44,8,1017,7,7,16,0.402,0.378,0.78,222,14.9,80,47,154,81,21,21,42,28,-9,1024,7,5,14,0.259,0.259,0.519,214,9.8,87,38,0.42105263157894735,0.38095238095238093,0.5333333333333333,0.5833333333333334,0.5845410628019324,2.5032127419999273
89,Jeff Petry,164,82,12,30,42,28,-30,1409,6,2,23,0.146,0.366,0.512,178,6.7,167,138,135,82,13,33,46,28,-5,1387,3,4,11,0.159,0.402,0.561,172,7.6,190,123,0.13157894736842105,0.5476190476190477,0.37894736842105264,0.16666666666666666,0.1884057971014493,1.4132178271766374
90,Jeff Skinner,121,82,24,25,49,34,-27,1002,4,2,9,0.293,0.305,0.598,277,8.7,35,24,66,82,40,23,63,36,0,1111,8,7,16,0.488,0.28,0.768,268,14.9,31,24,0.2236842105263158,0.21428571428571427,0.7263157894736842,0.16666666666666666,0.28502415458937197,1.615976535541753
91,Jesper Bratt,212,74,13,22,35,18,-16,914,4,2,12,0.176,0.297,0.473,100,13.0,44,22,237,51,8,25,33,6,-8,910,1,1,8,0.157,0.49,0.647,91,8.8,36,22,0.039473684210526314,0.2857142857142857,0.10526315789473684,0.16666666666666666,0.49275362318840576,1.0898714176746211
92,Joe Pavelski,46,82,22,44,66,41,0,1155,7,1,23,0.268,0.537,0.805,224,9.8,93,70,64,75,38,26,64,22,-4,1142,12,6,21,0.507,0.347,0.853,188,20.2,69,61,0.4473684210526316,0.5476190476190477,0.5403508771929825,0.08333333333333333,0.3381642512077295,1.9568359304057243
93,Joe Thornton,203,47,13,23,36,38,-9,1101,7,1,18,0.277,0.489,0.766,75,17.3,32,18,108,73,16,35,51,20,8,932,3,4,15,0.219,0.479,0.699,90,17.8,17,14,0.05263157894736842,0.42857142857142855,0.017543859649122806,0.08333333333333333,0.7004830917874396,1.2825632922886927
94,John Carlson,40,82,15,53,68,32,0,1487,4,4,32,0.183,0.646,0.829,237,6.3,47,146,55,80,13,57,70,34,21,1503,3,1,33,0.163,0.713,0.875,185,7.0,54,164,0.47368421052631576,0.7619047619047619,0.5859649122807018,0.3333333333333333,0.16908212560386474,2.3239693436489772
95,John Klingberg,43,82,8,59,67,26,10,1444,1,3,23,0.098,0.72,0.817,204,3.9,44,109,139,64,10,35,45,12,6,1471,5,5,20,0.156,0.547,0.703,153,6.5,42,77,0.4605263157894737,0.5476190476190477,0.47017543859649125,0.25,0.053140096618357495,1.7814608986233702
96,John Tavares,16,82,37,47,84,26,-12,1195,12,3,30,0.451,0.573,1.024,257,14.4,30,34,16,82,47,41,88,34,19,1145,10,8,19,0.573,0.5,1.073,286,16.4,59,53,0.6842105263157895,0.7142857142857143,0.656140350877193,0.25,0.5603864734299517,2.865023064908648
97,Johnny Gaudreau,18,80,24,60,84,26,2,1165,3,4,24,0.3,0.75,1.05,227,10.6,16,18,8,82,36,63,99,24,18,1204,6,8,27,0.439,0.768,1.207,245,14.7,12,12,0.6842105263157895,0.5714285714285714,0.5508771929824562,0.3333333333333333,0.37681159420289856,2.516661218263049
98,Jonathan Drouin,143,77,13,33,46,30,-28,1057,4,4,22,0.169,0.429,0.597,164,7.9,55,27,99,81,18,35,53,26,-8,1015,3,3,16,0.222,0.432,0.654,190,9.5,55,23,0.18421052631578946,0.5238095238095238,0.3298245614035088,0.3333333333333333,0.24637681159420294,1.6175547564563582
99,Jonathan Huberdeau,38,82,27,42,69,32,-2,1152,7,4,19,0.329,0.512,0.841,204,13.2,41,42,13,82,30,62,92,40,-14,1131,11,5,34,0.366,0.756,1.122,226,13.3,57,45,0.4868421052631579,0.4523809523809524,0.47017543859649125,0.3333333333333333,0.502415458937198,2.2451472885111325
100,Jonathan Marchessault,30,77,27,48,75,40,36,1051,6,6,16,0.351,0.623,0.974,268,10.1,99,26,75,82,25,34,59,52,2,1088,5,6,16,0.305,0.415,0.72,278,9.0,98,22,0.5657894736842105,0.38095238095238093,0.6947368421052632,0.5,0.3526570048309179,2.4941357015727723
101,Jonathan Toews,104,74,20,32,52,47,-1,1181,2,2,12,0.27,0.432,0.703,211,9.5,32,24,27,82,35,46,81,40,2,1260,9,5,23,0.427,0.561,0.988,235,14.9,42,44,0.2631578947368421,0.2857142857142857,0.49473684210526314,0.16666666666666666,0.32367149758454106,1.5339471868075987
102,Joonas Donskoi,242,66,14,18,32,26,10,898,1,2,5,0.212,0.273,0.485,129,10.9,28,28,191,80,14,23,37,10,10,805,1,4,3,0.175,0.288,0.463,115,12.2,36,36,0.0,0.11904761904761904,0.20701754385964913,0.16666666666666666,0.39130434782608703,0.8840361774000218
103,Jordan Eberle,77,81,25,34,59,21,5,964,3,7,10,0.309,0.42,0.728,183,13.7,46,30,187,78,19,18,37,17,-6,991,7,5,12,0.244,0.231,0.474,160,11.9,36,35,0.35526315789473684,0.23809523809523808,0.39649122807017545,0.5833333333333334,0.5265700483091786,2.099753005702662
104,Jordan Staal,141,79,19,27,46,26,-4,1154,4,2,12,0.241,0.342,0.582,160,11.9,181,32,281,50,11,17,28,26,6,1097,0,1,2,0.22,0.34,0.56,121,9.1,122,18,0.18421052631578946,0.2857142857142857,0.3157894736842105,0.16666666666666666,0.4396135265700484,1.3919944789510006
105,Joshua Bailey,33,76,18,53,71,17,-20,1073,5,3,31,0.237,0.697,0.934,151,11.9,12,33,85,82,16,40,56,21,8,1009,2,4,14,0.195,0.488,0.683,126,12.7,19,32,0.5131578947368421,0.7380952380952381,0.28421052631578947,0.25,0.4396135265700484,2.225077185717918
106,Justin Williams,111,82,16,35,51,56,-9,995,2,2,12,0.195,0.427,0.622,198,8.1,79,42,96,82,23,30,53,44,-4,1046,9,5,14,0.28,0.366,0.646,237,9.7,55,32,0.25,0.2857142857142857,0.44912280701754387,0.16666666666666666,0.2560386473429952,1.4075424067414914
107,Keith Yandle,89,82,8,48,56,35,7,1469,1,1,18,0.098,0.585,0.683,179,4.5,26,101,68,82,9,53,62,50,-17,1346,7,2,39,0.11,0.646,0.756,199,4.5,47,76,0.3157894736842105,0.42857142857142855,0.3824561403508772,0.08333333333333333,0.08212560386473432,1.2922759798045838
108,Kevin Fiala,126,80,23,25,48,26,20,908,4,4,13,0.288,0.313,0.6,187,12.3,34,27,177,83,13,26,39,36,-23,938,2,2,11,0.157,0.313,0.47,174,7.5,42,20,0.21052631578947367,0.30952380952380953,0.4105263157894737,0.3333333333333333,0.4589371980676329,1.722846972503723
109,Kevin Hayes,149,76,25,19,44,18,1,1041,6,4,8,0.329,0.25,0.579,172,14.5,40,36,87,71,19,36,55,12,-2,1096,3,2,11,0.268,0.507,0.775,156,12.2,58,15,0.15789473684210525,0.19047619047619047,0.35789473684210527,0.3333333333333333,0.5652173913043478,1.6048163887980822
110,Kevin Labanc,179,77,11,29,40,32,-6,860,4,3,17,0.143,0.377,0.519,156,7.1,31,23,83,82,17,39,56,36,-1,841,2,4,20,0.207,0.476,0.683,130,13.1,66,16,0.10526315789473684,0.40476190476190477,0.3017543859649123,0.25,0.20772946859903382,1.2695089172205878
111,Kristopher Letang,112,79,9,42,51,56,-9,1519,4,1,20,0.114,0.532,0.646,222,4.1,109,108,84,65,16,40,56,48,13,1557,2,3,19,0.246,0.615,0.862,206,7.8,116,111,0.25,0.47619047619047616,0.5333333333333333,0.08333333333333333,0.06280193236714975,1.4056590752242926
112,Kyle Connor,82,76,31,26,57,16,8,1014,7,7,11,0.408,0.342,0.75,192,16.2,18,26,59,82,34,32,66,18,-7,1155,11,5,19,0.415,0.39,0.805,227,15.0,9,21,0.32894736842105265,0.2619047619047619,0.4280701754385965,0.5833333333333334,0.6473429951690821,2.2495986342668264
113,Kyle Okposo,155,76,15,29,44,40,-34,1021,6,2,21,0.197,0.382,0.579,161,9.3,70,34,268,78,14,15,29,41,-9,827,7,2,11,0.179,0.192,0.372,147,9.5,87,27,0.15789473684210525,0.5,0.3192982456140351,0.16666666666666666,0.31400966183574885,1.4578693109585559
114,Kyle Palmieri,150,62,24,20,44,30,-1,1038,11,5,23,0.387,0.323,0.71,181,13.3,94,50,111,74,27,23,50,42,-9,1089,11,2,18,0.365,0.311,0.676,224,12.1,98,35,0.15789473684210525,0.5476190476190477,0.3894736842105263,0.4166666666666667,0.5072463768115942,2.0189005121499406
115,Lars Eller,184,81,18,20,38,38,-6,917,3,2,6,0.222,0.247,0.469,161,11.2,71,69,202,81,13,23,36,37,-1,992,0,1,3,0.16,0.284,0.444,163,8.0,69,47,0.07894736842105263,0.14285714285714285,0.3192982456140351,0.16666666666666666,0.40579710144927533,1.1135665250081725
116,Leon Draisaitl,36,78,25,45,70,30,-7,1157,6,1,11,0.321,0.577,0.897,194,12.9,40,24,4,82,50,55,105,52,2,1355,16,5,29,0.61,0.671,1.28,231,21.7,57,26,0.5,0.2619047619047619,0.43508771929824563,0.08333333333333333,0.4879227053140098,1.7682485198503506
117,Logan Couture,66,78,34,27,61,18,-2,1112,10,4,21,0.436,0.346,0.782,204,16.7,33,72,54,81,27,43,70,22,-6,1115,6,3,18,0.333,0.531,0.864,204,13.2,65,52,0.3815789473684211,0.5,0.47017543859649125,0.3333333333333333,0.6714975845410628,2.3565853038393083
118,Marc-Edouard Vlasic,244,81,11,21,32,34,9,1353,1,2,3,0.136,0.259,0.395,161,6.8,26,174,336,72,3,22,25,10,-6,1262,0,0,1,0.042,0.306,0.347,100,3.0,23,114,0.0,0.07142857142857142,0.3192982456140351,0.16666666666666666,0.1932367149758454,0.7506301986851185
119,Mark Giordano,188,82,13,25,38,63,0,1487,1,4,10,0.159,0.305,0.463,214,6.1,93,161,41,78,17,57,74,69,39,1454,3,2,21,0.218,0.731,0.949,221,7.7,58,144,0.07894736842105263,0.23809523809523808,0.5052631578947369,0.3333333333333333,0.15942028985507245,1.3150593875994334
120,Mark Scheifele,73,60,23,37,60,18,19,1239,8,3,16,0.383,0.617,1.0,125,18.4,57,31,20,82,38,46,84,38,8,1311,12,6,23,0.463,0.561,1.024,199,19.1,54,54,0.3684210526315789,0.38095238095238093,0.19298245614035087,0.25,0.753623188405797,1.9459790781301076
121,Mark Stone,64,58,20,42,62,10,9,1239,1,3,11,0.345,0.724,1.069,132,15.2,53,39,43,77,33,40,73,27,17,1193,6,4,20,0.429,0.519,0.948,199,16.6,72,71,0.39473684210526316,0.2619047619047619,0.21754385964912282,0.25,0.5990338164251208,1.7232192800842687
122,Mathew Barzal,14,82,22,63,85,30,1,1065,5,4,27,0.268,0.768,1.037,170,12.9,21,31,67,82,18,44,62,46,-5,1075,3,3,18,0.22,0.537,0.756,179,10.1,25,56,0.6973684210526315,0.6428571428571429,0.3508771929824561,0.3333333333333333,0.4879227053140098,2.5123587955395736
123,Mathieu Perreault,182,70,17,22,39,38,4,868,6,2,14,0.243,0.314,0.557,139,12.2,120,25,262,82,15,15,30,44,-1,733,4,3,7,0.183,0.183,0.366,95,15.8,127,25,0.09210526315789473,0.3333333333333333,0.24210526315789474,0.16666666666666666,0.4541062801932367,1.288316806509026
124,Mats Zuccarello,99,80,16,37,53,36,-10,1135,1,3,17,0.2,0.463,0.663,178,9.0,62,67,171,48,12,28,40,24,-8,1191,3,1,15,0.25,0.583,0.833,104,11.5,57,43,0.27631578947368424,0.40476190476190477,0.37894736842105264,0.25,0.2995169082125604,1.609541970869202
125,Matt Duchene,76,82,27,32,59,18,-22,1099,9,3,13,0.329,0.39,0.72,190,14.2,60,49,52,73,31,39,70,8,-3,1130,6,1,14,0.425,0.534,0.959,172,18.0,28,40,0.35526315789473684,0.30952380952380953,0.42105263157894735,0.25,0.5507246376811594,1.8865642366786533
126,Matthew Tkachuk,120,68,24,25,49,61,-1,1035,10,2,17,0.353,0.368,0.721,188,12.8,80,16,31,80,34,43,77,62,14,1055,11,2,24,0.425,0.538,0.963,207,16.4,104,13,0.2236842105263158,0.40476190476190477,0.41403508771929826,0.16666666666666666,0.48309178743961356,1.6922396571137992
127,Mattias Ekholm,225,81,10,24,34,46,25,1414,5,1,13,0.123,0.296,0.42,135,7.4,75,117,147,80,8,36,44,47,27,1401,2,3,7,0.1,0.45,0.55,146,5.5,68,107,0.02631578947368421,0.30952380952380953,0.22807017543859648,0.08333333333333333,0.22222222222222227,0.8694653299916457
128,Mattias Janmark-Nylén,221,81,19,15,34,24,-13,1016,4,4,5,0.235,0.185,0.42,136,14.0,15,41,334,81,6,19,25,24,-4,912,0,0,1,0.074,0.235,0.309,105,5.7,28,44,0.02631578947368421,0.11904761904761904,0.23157894736842105,0.3333333333333333,0.5410628019323671,1.2513384911554248
129,Max Domi,146,82,9,36,45,73,-7,1002,1,0,9,0.11,0.439,0.549,150,6.0,49,28,47,82,28,44,72,80,20,1042,4,2,11,0.341,0.537,0.878,203,13.8,53,39,0.17105263157894737,0.21428571428571427,0.2807017543859649,0.0,0.15458937198067635,0.8206294722313029
130,Max Pacioretty,189,64,17,20,37,30,-16,1140,6,4,15,0.266,0.313,0.578,212,8.0,118,27,168,66,22,18,40,36,-13,1020,4,5,8,0.333,0.273,0.606,191,11.5,119,20,0.06578947368421052,0.35714285714285715,0.4982456140350877,0.3333333333333333,0.25120772946859904,1.5057190076640876
131,Michael Ferland,168,77,21,20,41,24,5,900,6,0,6,0.273,0.26,0.532,144,14.6,171,30,170,71,17,23,40,58,13,845,6,3,13,0.239,0.324,0.563,156,10.9,182,19,0.11842105263157894,0.14285714285714285,0.2596491228070175,0.0,0.570048309178744,1.0909756274744833
132,Mika Zibanejad,130,72,27,20,47,14,-23,1077,14,4,21,0.375,0.278,0.653,212,12.7,92,64,39,82,30,44,74,47,-12,1233,11,5,23,0.366,0.537,0.902,236,12.7,134,66,0.19736842105263158,0.5,0.4982456140350877,0.3333333333333333,0.47826086956521735,2.00720823798627
133,Mikael Backlund,145,82,14,31,45,78,-21,1141,3,2,11,0.171,0.378,0.549,214,6.5,54,40,126,77,21,26,47,52,34,1073,1,4,2,0.273,0.338,0.61,205,10.2,52,26,0.17105263157894737,0.2619047619047619,0.5052631578947369,0.16666666666666666,0.17874396135265702,1.2836311793977697
134,Mikael Granlund,41,77,21,46,67,18,13,1126,7,2,19,0.273,0.597,0.87,193,10.9,47,45,92,79,16,38,54,24,-8,1100,2,5,20,0.203,0.481,0.684,189,8.5,46,40,0.4605263157894737,0.4523809523809524,0.43157894736842106,0.16666666666666666,0.39130434782608703,1.902457230031601
135,Mike Green,238,66,8,25,33,38,-14,1324,1,0,13,0.121,0.379,0.5,132,6.1,78,74,318,43,5,21,26,28,-1,1300,0,0,3,0.116,0.488,0.605,92,5.4,60,56,0.013157894736842105,0.30952380952380953,0.21754385964912282,0.0,0.15942028985507245,0.6996458537648469
136,Mike Hoffman,86,82,22,34,56,32,-20,1104,8,5,21,0.268,0.415,0.683,257,8.6,31,34,51,82,36,34,70,30,-24,1070,17,6,35,0.439,0.415,0.854,253,14.2,42,26,0.3157894736842105,0.5,0.656140350877193,0.4166666666666667,0.28019323671497587,2.168789727943046
137,Mikhail Sergachyov,181,79,9,31,40,38,11,922,3,5,16,0.114,0.392,0.506,141,6.4,90,64,243,75,6,26,32,28,12,1075,0,0,6,0.08,0.347,0.427,128,4.7,97,93,0.10526315789473684,0.38095238095238093,0.24912280701754386,0.4166666666666667,0.1739130434782609,1.3259180560095893
138,Mikkel Bødker,194,74,15,22,37,12,0,801,4,4,8,0.203,0.297,0.5,119,12.6,41,24,216,71,7,28,35,6,-23,841,2,1,7,0.099,0.394,0.493,88,8.0,54,28,0.06578947368421052,0.19047619047619047,0.17192982456140352,0.3333333333333333,0.4734299516908213,1.234958773745959
139,Mikko Koivu,144,82,14,31,45,46,9,1109,3,2,14,0.171,0.378,0.549,170,8.2,51,53,273,48,8,21,29,22,-2,1097,2,0,12,0.167,0.438,0.604,89,9.0,13,32,0.17105263157894737,0.3333333333333333,0.3508771929824561,0.16666666666666666,0.2608695652173913,1.2827993897787948
140,Mikko Rantanen,17,81,29,55,84,34,0,1137,12,3,35,0.358,0.679,1.037,178,16.3,32,40,17,74,31,56,87,54,13,1250,16,4,33,0.419,0.757,1.176,193,16.1,59,41,0.6842105263157895,0.8333333333333334,0.37894736842105264,0.25,0.6521739130434783,2.798665141113654
141,Miles Wood,240,76,19,13,32,84,-6,747,3,2,3,0.25,0.171,0.421,170,11.2,75,22,342,63,10,14,24,91,-10,821,1,1,3,0.159,0.222,0.381,159,6.3,97,27,0.0,0.07142857142857142,0.3508771929824561,0.16666666666666666,0.40579710144927533,0.9947695325269694
142,Mitchell Marner,39,82,22,47,69,26,-1,983,8,2,27,0.268,0.573,0.841,194,11.3,31,25,11,82,26,68,94,22,22,1189,3,5,21,0.317,0.829,1.146,233,11.2,29,43,0.4868421052631579,0.6428571428571429,0.43508771929824563,0.16666666666666666,0.4106280193236715,2.1420816534088845
143,Morgan Rielly,106,76,6,46,52,14,-4,1295,1,0,25,0.079,0.605,0.684,182,3.3,48,84,50,82,20,52,72,14,24,1387,3,5,21,0.244,0.634,0.878,223,9.0,61,114,0.2631578947368421,0.5952380952380952,0.3929824561403509,0.0,0.024154589371980676,1.275533035487269
144,Nate Schmidt,205,76,5,31,36,16,19,1331,1,1,11,0.066,0.408,0.474,103,4.9,41,121,264,61,9,21,30,8,22,1317,1,1,8,0.148,0.344,0.492,112,8.0,37,100,0.05263157894736842,0.2619047619047619,0.11578947368421053,0.08333333333333333,0.10144927536231887,0.6151084232319931
145,Nathan MacKinnon,5,74,39,58,97,55,11,1193,12,12,32,0.527,0.784,1.311,284,13.7,38,22,7,82,41,58,99,34,20,1325,12,6,37,0.5,0.707,1.207,365,11.2,54,31,0.8552631578947368,0.7619047619047619,0.7508771929824561,1.0,0.5265700483091786,3.8946151610911333
146,Nazem Kadri,90,80,32,23,55,42,2,1005,12,3,19,0.4,0.288,0.688,211,15.2,94,26,143,73,16,28,44,43,-2,971,4,5,13,0.219,0.384,0.603,184,8.7,85,13,0.3026315789473684,0.4523809523809524,0.49473684210526314,0.25,0.5990338164251208,2.098783189858705
147,Nick Bjugstad,122,82,19,30,49,41,5,907,1,1,7,0.232,0.366,0.598,230,8.3,95,19,306,64,14,12,26,30,6,907,2,2,6,0.219,0.188,0.406,154,9.1,126,27,0.2236842105263158,0.16666666666666666,0.5614035087719298,0.08333333333333333,0.2657004830917875,1.300788202390033
148,Nick Foligno,231,72,15,18,33,50,1,1101,2,1,4,0.208,0.25,0.458,137,11.0,182,60,207,73,17,18,35,44,12,1062,2,2,4,0.233,0.247,0.479,141,12.1,175,51,0.013157894736842105,0.09523809523809523,0.23508771929824562,0.08333333333333333,0.3961352657004831,0.8229523083069994
149,Nick Leddy,165,80,10,32,42,20,-42,1345,4,1,14,0.125,0.4,0.525,153,6.5,95,104,319,82,4,22,26,18,0,1293,0,0,10,0.049,0.268,0.317,116,3.5,77,89,0.13157894736842105,0.3333333333333333,0.2912280701754386,0.08333333333333333,0.17874396135265702,1.0182176455631833
150,Nick Schmaltz,103,78,21,31,52,18,1,1093,4,2,13,0.269,0.397,0.667,118,17.8,13,39,331,40,7,18,25,8,-12,1069,5,2,8,0.175,0.45,0.625,62,11.3,5,12,0.2631578947368421,0.30952380952380953,0.16842105263157894,0.16666666666666666,0.7246376811594203,1.6324071047183173
151,Nicklas Bäckström,32,81,21,50,71,46,5,1179,7,4,26,0.259,0.617,0.877,165,12.7,37,51,40,80,22,52,74,30,2,1197,7,5,25,0.275,0.65,0.925,169,13.0,54,30,0.5131578947368421,0.6190476190476191,0.3333333333333333,0.3333333333333333,0.47826086956521735,2.277133050016345
152,Nico Hischier,105,82,20,32,52,26,10,978,1,2,6,0.244,0.39,0.634,180,11.1,56,39,128,69,17,30,47,24,0,1086,3,3,11,0.246,0.435,0.681,160,10.6,53,44,0.2631578947368421,0.14285714285714285,0.38596491228070173,0.16666666666666666,0.4009661835748793,1.3596128001162326
153,Nikita Kucherov,3,80,39,61,100,42,15,1188,8,7,36,0.488,0.763,1.25,279,14.0,31,15,1,82,41,87,128,62,24,1197,15,8,48,0.5,1.061,1.561,246,16.7,44,31,0.8947368421052632,0.8571428571428571,0.7333333333333333,0.5833333333333334,0.5410628019323671,3.609609167847154
154,Nikolaj Ehlers,72,82,29,31,60,26,14,965,7,7,13,0.354,0.378,0.732,231,12.6,39,27,185,62,21,16,37,15,2,945,2,4,7,0.339,0.258,0.597,158,13.3,27,16,0.3684210526315789,0.30952380952380953,0.5649122807017544,0.5833333333333334,0.4734299516908213,2.2996204278812975
155,Nino Niederreiter,241,63,18,14,32,36,14,900,7,4,8,0.286,0.222,0.508,133,13.5,58,20,97,82,23,30,53,30,-4,973,6,3,15,0.28,0.366,0.646,184,12.5,94,20,0.0,0.19047619047619047,0.22105263157894736,0.3333333333333333,0.5169082125603864,1.2617703679488574
156,Noah Hanifin,248,79,10,22,32,21,-20,1131,1,3,7,0.127,0.278,0.405,165,6.1,81,69,238,80,5,28,33,12,18,1246,1,2,5,0.063,0.35,0.413,116,4.3,87,83,0.0,0.16666666666666666,0.3333333333333333,0.25,0.15942028985507245,0.9094202898550725
157,Oliver Bjorkstrand,180,82,11,29,40,9,4,856,3,2,9,0.134,0.354,0.488,163,6.8,64,43,199,77,23,13,36,8,8,740,3,1,3,0.299,0.169,0.468,161,14.3,43,34,0.10526315789473684,0.21428571428571427,0.3263157894736842,0.16666666666666666,0.1932367149758454,1.0057680432966474
158,Oliver Ekman-Larsson,163,82,14,28,42,44,-28,1420,6,3,15,0.171,0.341,0.512,202,6.9,160,79,144,81,14,30,44,52,-16,1418,5,2,19,0.173,0.37,0.543,176,8.0,162,52,0.13157894736842105,0.35714285714285715,0.4631578947368421,0.25,0.19806763285024157,1.3999473320983618
159,Ondrej Palat,216,56,11,24,35,6,16,1021,4,0,9,0.196,0.429,0.625,109,10.1,80,48,227,64,8,26,34,20,4,893,2,1,8,0.125,0.406,0.531,100,8.0,104,34,0.039473684210526314,0.21428571428571427,0.1368421052631579,0.0,0.3526570048309179,0.7432585085903164
160,P.K. Subban,79,82,16,43,59,82,18,1446,5,2,25,0.195,0.524,0.72,207,7.7,111,90,252,63,9,22,31,60,5,1359,2,1,10,0.143,0.349,0.492,168,5.4,56,75,0.35526315789473684,0.5952380952380952,0.4807017543859649,0.16666666666666666,0.23671497584541065,1.8345846500308742
161,Patric Hörnqvist,119,70,29,20,49,58,2,1038,15,1,22,0.414,0.286,0.7,247,11.7,137,64,188,69,18,19,37,26,-3,928,6,2,12,0.261,0.275,0.536,197,9.1,150,34,0.2236842105263158,0.5238095238095238,0.6210526315789474,0.08333333333333333,0.429951690821256,1.8818313900693764
162,Patrice Bergeron,59,64,30,33,63,26,21,1166,10,6,21,0.469,0.516,0.984,224,13.4,48,42,29,65,32,47,79,30,23,1108,9,3,27,0.492,0.723,1.215,205,15.6,43,60,0.40789473684210525,0.5,0.5403508771929825,0.5,0.5120772946859904,2.460322908721078
163,Patrick Kane,28,82,27,49,76,32,-20,1211,5,4,22,0.329,0.598,0.927,285,9.5,18,14,3,81,44,66,110,22,2,1349,9,7,30,0.543,0.815,1.358,341,12.9,21,18,0.5789473684210527,0.5238095238095238,0.7543859649122807,0.3333333333333333,0.32367149758454106,2.514147688060732
164,Patrick Marleau,131,82,27,20,47,16,1,1019,5,5,9,0.329,0.244,0.573,203,13.3,85,26,189,82,16,21,37,28,-6,980,4,3,10,0.195,0.256,0.451,161,9.9,74,41,0.19736842105263158,0.21428571428571427,0.4666666666666667,0.4166666666666667,0.5072463768115942,1.8022338454832734
165,Patrick Maroon,158,74,17,26,43,73,1,992,1,4,7,0.23,0.351,0.581,141,12.1,150,14,282,74,10,18,28,64,-3,850,2,3,11,0.135,0.243,0.378,118,8.5,135,7,0.14473684210526316,0.16666666666666666,0.24912280701754386,0.3333333333333333,0.44927536231884063,1.3431350114416476
166,Patrik Laine,34,82,44,26,70,24,8,988,20,8,31,0.537,0.317,0.854,241,18.3,74,43,109,82,30,20,50,42,-24,1033,15,3,23,0.366,0.244,0.61,245,12.2,70,44,0.5,0.7380952380952381,0.6,0.6666666666666666,0.748792270531401,3.2535541752933055
167,Paul Byron,206,82,20,15,35,23,-4,967,2,1,4,0.244,0.183,0.427,115,17.4,137,55,246,56,15,16,31,17,16,874,0,3,1,0.268,0.286,0.554,94,16.0,114,36,0.039473684210526314,0.09523809523809523,0.15789473684210525,0.08333333333333333,0.7053140096618357,1.0812538592858958
168,Paul Stastny,100,82,16,37,53,18,1,1098,3,3,9,0.195,0.451,0.646,159,10.1,43,38,158,50,13,29,42,30,14,1086,1,2,4,0.26,0.58,0.84,103,12.6,35,15,0.27631578947368424,0.21428571428571427,0.312280701754386,0.25,0.3526570048309179,1.4055392103447024
169,Pavel Buchnevich,161,74,14,29,43,20,-3,900,5,4,17,0.189,0.392,0.581,136,10.3,51,35,180,64,21,17,38,13,-10,910,7,1,12,0.328,0.266,0.594,119,17.7,60,20,0.14473684210526316,0.40476190476190477,0.23157894736842105,0.3333333333333333,0.3623188405797102,1.4767298681486325
170,Phil Kessel,8,82,34,58,92,36,-4,1121,12,6,42,0.415,0.707,1.122,261,13.0,10,17,25,82,27,55,82,28,-19,1078,12,10,36,0.329,0.671,1.0,215,12.6,12,18,0.7894736842105263,1.0,0.6701754385964912,0.5,0.49275362318840576,3.4524027459954234
171,Pierre-Luc Dubois,129,82,20,28,48,49,8,997,6,4,15,0.244,0.341,0.585,165,12.1,127,46,71,82,27,34,61,64,16,1062,2,5,9,0.329,0.415,0.744,174,15.5,115,52,0.21052631578947367,0.35714285714285715,0.3333333333333333,0.3333333333333333,0.44927536231884063,1.683611201917838
172,Radek Faksa,228,79,17,16,33,36,21,915,0,3,0,0.215,0.203,0.418,118,14.4,101,56,261,81,15,15,30,54,-3,985,1,1,3,0.185,0.185,0.37,114,13.2,103,65,0.013157894736842105,0.0,0.16842105263157894,0.25,0.5603864734299517,0.9919654207983728
173,Rasmus Ristolainen,173,73,6,35,41,48,-25,1590,1,1,23,0.082,0.479,0.562,182,3.3,206,111,152,78,5,38,43,38,-41,1478,1,2,17,0.064,0.487,0.551,182,2.8,235,121,0.11842105263157894,0.5476190476190477,0.3929824561403509,0.08333333333333333,0.024154589371980676,1.1665104790962915
174,Reilly Smith,74,67,22,38,60,24,31,1075,7,4,14,0.328,0.567,0.896,162,13.6,40,24,98,74,19,34,53,14,13,1096,4,1,14,0.257,0.459,0.716,178,10.7,39,33,0.3684210526315789,0.3333333333333333,0.32280701754385965,0.3333333333333333,0.5217391304347827,1.879633867276888
175,Richard Panik,210,72,14,21,35,38,7,911,4,0,6,0.194,0.292,0.486,136,10.3,137,37,233,75,14,19,33,44,-3,996,0,2,2,0.187,0.253,0.44,140,10.0,137,52,0.039473684210526314,0.14285714285714285,0.23157894736842105,0.0,0.3623188405797102,0.7762286150158004
176,Rickard Rakell,37,77,34,35,69,14,6,1165,8,3,18,0.442,0.455,0.896,230,14.8,115,30,150,69,18,25,43,27,-13,1108,6,2,13,0.261,0.362,0.623,194,9.3,82,38,0.4868421052631579,0.42857142857142855,0.5614035087719298,0.25,0.5797101449275363,2.3065271875340523
177,Roman Josi,101,75,14,39,53,24,24,1468,7,3,20,0.187,0.52,0.707,253,5.5,80,120,86,82,15,41,56,42,9,1509,2,4,12,0.183,0.5,0.683,274,5.5,53,144,0.27631578947368424,0.47619047619047616,0.6421052631578947,0.25,0.13043478260869568,1.7750463114307506
178,Ryan Dzingel,167,79,23,18,41,35,-17,989,4,2,8,0.291,0.228,0.519,136,16.9,60,19,81,78,26,30,56,29,-9,1008,5,5,11,0.333,0.385,0.718,159,16.4,54,38,0.11842105263157894,0.19047619047619047,0.23157894736842105,0.16666666666666666,0.681159420289855,1.388302277432712
179,Ryan Ellis,249,44,9,23,32,6,26,1401,2,2,5,0.205,0.523,0.727,110,8.2,27,84,166,82,7,34,41,20,21,1440,1,2,5,0.085,0.415,0.5,149,4.7,71,154,0.0,0.11904761904761904,0.14035087719298245,0.16666666666666666,0.2608695652173913,0.6869347281246594
180,Ryan Getzlaf,71,56,11,50,61,42,20,1286,0,0,13,0.196,0.893,1.089,117,9.4,96,57,119,67,14,34,48,58,-19,1167,1,2,11,0.209,0.507,0.716,133,10.5,150,74,0.3815789473684211,0.30952380952380953,0.1649122807017544,0.0,0.31884057971014496,1.17485561730413
181,Ryan Johansen,98,79,15,39,54,78,13,1113,1,3,15,0.19,0.494,0.684,129,11.6,87,35,65,80,14,50,64,42,7,1173,0,6,16,0.175,0.625,0.8,136,10.3,95,23,0.2894736842105263,0.35714285714285715,0.20701754385964913,0.25,0.42512077294685996,1.5287548581598926
182,Ryan Nugent-Hopkins,124,62,24,24,48,20,10,1084,4,2,9,0.387,0.387,0.774,151,15.9,44,39,57,82,28,41,69,26,-13,1206,8,3,26,0.341,0.5,0.841,208,13.5,69,40,0.21052631578947367,0.21428571428571427,0.28421052631578947,0.16666666666666666,0.6328502415458939,1.508539464603538
183,Ryan O'Reilly,69,81,24,37,61,2,-23,1249,15,3,23,0.296,0.457,0.753,230,10.4,42,48,32,82,28,49,77,12,22,1245,6,5,22,0.341,0.598,0.939,234,12.0,31,36,0.3815789473684211,0.5476190476190477,0.5614035087719298,0.25,0.3671497584541063,2.1077512622135046
184,Ryan Pulock,247,68,10,22,32,14,-4,1104,5,0,11,0.147,0.324,0.471,184,5.4,113,86,198,82,9,28,37,22,21,1341,3,3,9,0.11,0.341,0.451,180,5.0,143,148,0.0,0.2619047619047619,0.4,0.0,0.12560386473429955,0.7875086266390615
185,Ryan Strome,224,82,13,21,34,33,-4,913,2,3,6,0.159,0.256,0.415,147,8.8,43,17,205,81,19,16,35,64,-3,934,4,2,7,0.235,0.198,0.432,110,17.3,76,36,0.02631578947368421,0.14285714285714285,0.27017543859649124,0.25,0.2898550724637682,0.9792034433910864
186,Ryan Suter,113,78,6,45,51,34,-1,1606,1,2,23,0.077,0.577,0.654,149,4.0,78,138,131,82,7,40,47,41,-8,1601,3,2,15,0.085,0.488,0.573,136,5.2,78,109,0.25,0.5476190476190477,0.2771929824561403,0.16666666666666666,0.05797101449275363,1.2994497112346084
187,Sam Reinhart,114,82,25,25,50,26,-24,1026,12,5,21,0.305,0.305,0.61,188,13.3,48,42,63,82,22,43,65,16,-10,1137,2,1,15,0.268,0.524,0.793,180,12.2,38,47,0.23684210526315788,0.5,0.41403508771929826,0.4166666666666667,0.5072463768115942,2.074790236460717
188,Sean Couturier,27,82,31,45,76,31,34,1295,7,6,14,0.378,0.549,0.927,227,13.7,74,44,35,80,33,43,76,34,2,1327,8,5,17,0.413,0.538,0.95,223,14.8,40,60,0.5789473684210527,0.3333333333333333,0.5508771929824562,0.5,0.5265700483091786,2.489727943046021
189,Sean Monahan,53,74,31,33,64,24,3,1121,9,11,19,0.419,0.446,0.865,202,15.4,35,17,23,78,34,48,82,12,7,1143,12,5,23,0.436,0.615,1.051,211,16.1,36,24,0.42105263157894735,0.4523809523809524,0.4631578947368421,0.9166666666666666,0.6086956521739131,2.8619537975373213
190,Sebastian Aho,48,78,29,36,65,24,4,1075,8,4,16,0.372,0.462,0.833,200,14.5,65,17,21,82,30,53,83,26,25,1209,3,7,24,0.366,0.646,1.012,243,12.4,65,34,0.4342105263157895,0.38095238095238093,0.45614035087719296,0.3333333333333333,0.5652173913043478,2.1698539827830445
191,Seth Jones,83,78,16,41,57,30,10,1475,7,4,24,0.205,0.526,0.731,249,6.4,92,124,136,75,9,37,46,28,1,1549,0,4,10,0.12,0.493,0.613,184,4.9,106,133,0.32894736842105265,0.5714285714285714,0.6280701754385964,0.3333333333333333,0.1739130434782609,2.0356924920998147
192,Shayne Gostisbehere,51,78,13,52,65,25,10,1287,7,2,33,0.167,0.667,0.833,221,5.9,53,116,196,78,9,28,37,22,-20,1179,4,2,14,0.115,0.359,0.474,180,5.0,46,102,0.4342105263157895,0.7857142857142857,0.5298245614035088,0.16666666666666666,0.14975845410628022,2.066174494206531
193,Sidney Crosby,10,82,29,60,89,46,0,1241,9,6,38,0.354,0.732,1.085,247,11.7,75,36,6,79,35,65,100,36,18,1259,12,3,29,0.443,0.823,1.266,220,15.9,85,43,0.75,0.9047619047619048,0.6210526315789474,0.5,0.429951690821256,3.2057662271621084
194,Steven Stamkos,12,78,27,59,86,72,18,1125,15,1,33,0.346,0.756,1.103,212,12.7,61,35,9,82,45,53,98,37,4,1098,19,6,40,0.549,0.646,1.195,234,19.2,72,40,0.7105263157894737,0.7857142857142857,0.4982456140350877,0.08333333333333333,0.47826086956521735,2.5560804184373977
195,T.J. Oshie,134,74,18,29,47,31,2,1104,9,3,18,0.243,0.392,0.635,127,14.2,124,54,90,69,25,29,54,36,5,1116,6,4,14,0.362,0.42,0.783,143,17.5,133,55,0.19736842105263158,0.42857142857142855,0.2,0.25,0.5507246376811594,1.6266644873052196
196,Tanner Pearson,177,82,15,25,40,27,11,957,2,4,5,0.183,0.305,0.488,180,8.3,116,36,293,80,18,9,27,25,-15,843,3,1,5,0.225,0.113,0.338,147,12.2,128,41,0.10526315789473684,0.11904761904761904,0.38596491228070173,0.3333333333333333,0.2657004830917875,1.2093095056481784
197,Taylor Hall,6,76,39,54,93,34,14,1147,13,7,37,0.513,0.711,1.224,278,14.0,72,44,195,33,11,26,37,16,-6,1181,1,3,12,0.333,0.788,1.121,113,9.7,22,29,0.8026315789473685,0.8809523809523809,0.7298245614035088,0.5833333333333334,0.5410628019323671,3.5378046565689587
198,Teuvo Teräväinen,57,82,23,41,64,14,8,1013,5,3,20,0.28,0.5,0.78,185,12.4,26,22,36,82,21,55,76,12,30,1075,8,1,24,0.256,0.671,0.927,167,12.6,35,23,0.42105263157894735,0.47619047619047616,0.40350877192982454,0.25,0.46376811594202905,2.014519995641277
199,Thomas Vanek,85,80,24,32,56,36,-3,845,4,1,15,0.3,0.4,0.7,168,14.3,36,18,201,64,16,20,36,26,-12,846,4,1,11,0.25,0.313,0.563,108,14.8,38,13,0.3157894736842105,0.35714285714285715,0.34385964912280703,0.08333333333333333,0.5555555555555556,1.6556808688387634
200,Timo Meier,202,81,21,15,36,51,2,891,3,4,4,0.259,0.185,0.444,210,10.0,105,48,60,78,30,36,66,55,9,1018,6,2,10,0.385,0.462,0.846,250,12.0,99,40,0.05263157894736842,0.09523809523809523,0.49122807017543857,0.3333333333333333,0.3478260869565218,1.3202571646507573
201,Tom Wilson,211,78,14,21,35,187,10,959,0,1,1,0.179,0.269,0.449,123,11.4,250,51,167,63,22,18,40,128,11,1088,3,2,5,0.349,0.286,0.635,130,16.9,200,52,0.039473684210526314,0.023809523809523808,0.18596491228070175,0.08333333333333333,0.4154589371980677,0.7480403908321529
202,Tomas Hertl,139,79,22,24,46,41,-2,1086,6,5,12,0.278,0.304,0.582,175,12.6,84,71,38,77,35,39,74,18,5,1141,11,5,15,0.455,0.506,0.961,176,19.9,53,64,0.18421052631578946,0.2857142857142857,0.3684210526315789,0.4166666666666667,0.4734299516908213,1.7284424830191423
203,Tomas Tatar,220,82,20,14,34,34,-19,975,9,4,13,0.244,0.171,0.415,174,11.5,67,29,77,80,25,33,58,34,21,984,4,4,8,0.313,0.413,0.725,195,12.8,77,30,0.02631578947368421,0.30952380952380953,0.3649122807017544,0.3333333333333333,0.42028985507246375,1.4543750681050454
204,Torey Krug,80,76,14,45,59,36,0,1224,5,4,24,0.184,0.592,0.776,197,7.1,79,73,101,64,6,47,53,33,-2,1278,2,2,30,0.094,0.734,0.828,151,4.0,53,60,0.35526315789473684,0.5714285714285714,0.4456140350877193,0.3333333333333333,0.20772946859903382,1.9133685663433946
205,Travis Konecny,132,81,24,23,47,46,17,894,1,6,3,0.296,0.284,0.58,177,13.6,97,53,113,82,24,25,49,40,-4,915,4,3,8,0.293,0.305,0.598,182,13.2,65,45,0.19736842105263158,0.07142857142857142,0.37543859649122807,0.5,0.5217391304347827,1.6659747194072139
206,Tyler Bozak,162,81,11,32,43,28,6,938,3,2,13,0.136,0.395,0.531,154,7.1,43,28,183,72,13,25,38,20,-3,980,2,3,8,0.181,0.347,0.528,141,9.2,52,33,0.14473684210526316,0.30952380952380953,0.29473684210526313,0.16666666666666666,0.20772946859903382,1.1233936290000361
207,Tyler Johnson,116,81,21,29,50,24,3,1019,4,3,13,0.259,0.358,0.617,186,11.3,48,47,121,80,29,18,47,28,15,956,1,4,8,0.363,0.225,0.588,163,17.8,50,32,0.23684210526315788,0.30952380952380953,0.4070175438596491,0.25,0.4106280193236715,1.614011477970288
208,Tyler Myers,204,82,6,30,36,48,9,1285,3,3,17,0.073,0.366,0.439,150,4.0,68,119,254,80,9,22,31,63,11,1220,0,3,7,0.113,0.275,0.388,156,5.8,97,99,0.05263157894736842,0.40476190476190477,0.2807017543859649,0.25,0.05797101449275363,1.0460662525879918
209,Tyler Seguin,24,82,40,38,78,43,12,1254,14,6,25,0.488,0.463,0.951,335,11.9,74,44,28,82,33,47,80,18,17,1244,9,8,27,0.402,0.573,0.976,334,9.9,74,47,0.6052631578947368,0.5952380952380952,0.9298245614035088,0.5,0.4396135265700484,3.069939341106389
210,Tyler Toffoli,133,82,24,23,47,16,9,966,6,6,12,0.293,0.28,0.573,250,9.6,75,17,220,82,13,21,34,23,-16,1032,3,3,5,0.159,0.256,0.415,226,5.8,39,23,0.19736842105263158,0.2857142857142857,0.631578947368421,0.5,0.3285024154589372,1.9431640695942756
211,Tyson Barrie,84,68,14,43,57,22,-15,1361,7,3,30,0.206,0.632,0.838,178,7.9,40,79,76,78,14,45,59,36,-3,1306,2,2,25,0.179,0.577,0.756,218,6.4,48,93,0.32894736842105265,0.7142857142857143,0.37894736842105264,0.25,0.24637681159420294,1.9185572627220226
212,Valtteri Filppula,236,81,11,22,33,20,-7,988,3,4,4,0.136,0.272,0.407,70,15.7,25,55,244,72,17,14,31,16,19,856,0,4,0,0.236,0.194,0.431,78,21.8,12,34,0.013157894736842105,0.09523809523809523,0.0,0.3333333333333333,0.6231884057971014,1.064917729105372
213,Victor Hedman,60,77,17,46,63,54,32,1550,2,1,26,0.221,0.597,0.818,216,7.9,139,110,93,70,12,42,54,44,24,1366,2,4,25,0.171,0.6,0.771,182,6.6,59,97,0.40789473684210525,0.6190476190476191,0.512280701754386,0.08333333333333333,0.24637681159420294,1.8689332025716465
214,Viktor Arvidsson,67,78,29,32,61,36,20,1064,3,6,8,0.372,0.41,0.782,247,11.7,30,52,115,58,34,14,48,26,12,1148,3,7,4,0.586,0.241,0.828,195,17.4,18,23,0.3815789473684211,0.19047619047619047,0.6210526315789474,0.5,0.429951690821256,2.123059460244815
215,Vincent Trocheck,29,82,31,44,75,54,-9,1281,13,5,27,0.378,0.537,0.915,287,10.8,145,55,224,55,10,24,34,54,-9,1179,3,1,13,0.182,0.436,0.618,158,6.3,112,42,0.5657894736842105,0.6428571428571429,0.7614035087719299,0.4166666666666667,0.3864734299516908,2.7731902219316407
216,Vladimir Tarasenko,44,80,33,33,66,17,15,1143,6,5,16,0.413,0.413,0.825,306,10.8,89,37,58,76,33,35,68,22,8,1103,12,5,22,0.434,0.461,0.895,275,12.0,88,40,0.4473684210526316,0.38095238095238093,0.8280701754385965,0.4166666666666667,0.3864734299516908,2.4595310740619665
217,Vladislav Namestnikov,127,81,22,26,48,45,6,1023,9,2,16,0.272,0.321,0.593,155,14.2,79,44,249,78,11,20,31,44,-7,947,1,3,3,0.141,0.256,0.397,119,9.2,140,62,0.21052631578947367,0.38095238095238093,0.2982456140350877,0.16666666666666666,0.5507246376811594,1.6071156151247685
218,Wayne Simmonds,138,75,24,22,46,57,-16,1085,11,5,17,0.32,0.293,0.613,176,13.6,129,54,258,79,17,13,30,99,-16,939,5,2,8,0.215,0.165,0.38,157,10.8,137,28,0.18421052631578946,0.40476190476190477,0.3719298245614035,0.4166666666666667,0.5217391304347827,1.8993080527405473
219,Will Butcher,156,81,5,39,44,8,1,963,3,1,23,0.062,0.481,0.543,88,5.7,21,62,266,78,4,26,30,18,-17,1156,1,1,14,0.051,0.333,0.385,108,3.7,38,74,0.15789473684210525,0.5476190476190477,0.06315789473684211,0.08333333333333333,0.14009661835748793,0.9921016308888164
220,William Karlsson,23,82,43,35,78,12,49,1123,8,6,16,0.524,0.427,0.951,184,23.4,48,45,82,82,24,32,56,16,1,1130,7,5,14,0.293,0.39,0.683,169,14.2,51,55,0.6052631578947368,0.38095238095238093,0.4,0.5,0.9951690821256038,2.881384620972722
221,William Nylander,70,82,20,41,61,10,20,1001,5,8,12,0.244,0.5,0.744,184,10.9,21,18,299,54,7,20,27,16,-4,930,1,0,6,0.13,0.37,0.5,130,5.4,16,14,0.3815789473684211,0.2857142857142857,0.4,0.6666666666666666,0.39130434782608703,2.12526424757546
222,Yanni Gourde,56,82,25,39,64,50,34,969,7,5,13,0.305,0.476,0.78,136,18.4,57,42,118,80,22,26,48,66,9,950,5,5,9,0.275,0.325,0.6,130,16.9,83,30,0.42105263157894735,0.30952380952380953,0.23157894736842105,0.4166666666666667,0.753623188405797,2.132445243543642
223,Zach Hyman,178,82,15,25,40,37,22,1041,0,2,0,0.183,0.305,0.488,148,10.1,117,55,160,71,21,20,41,65,16,1036,0,4,0,0.296,0.282,0.577,144,14.6,102,39,0.10526315789473684,0.0,0.2736842105263158,0.16666666666666666,0.3526570048309179,0.8982710399186372
224,Zachary Werenski,192,77,16,21,37,16,8,1354,3,3,10,0.208,0.273,0.481,207,7.7,58,92,145,82,11,33,44,18,-12,1373,2,1,15,0.134,0.402,0.537,168,6.6,67,89,0.06578947368421052,0.23809523809523808,0.4807017543859649,0.25,0.23671497584541065,1.271301442010824
