,Rk,Name,GP,G,A,P,PIM,+/-,TOI,PPG,GWG,PPP,G/GP,A/GP,P/GP,SHOTS,HITS,BS,Year,SH%
0,185,Aaron Ekblad,82,16,22,38,71,9,23.37,5,4,11,0.195,0.268,0.463,189,69,121,2017,0.085
1,193,Aaron Ekblad,82,13,24,37,47,1,23.63,5,1,10,0.159,0.293,0.451,180,114,88,2018,0.072
2,115,Adam Henrique,81,24,26,50,20,11,17.77,6,8,13,0.296,0.321,0.617,151,61,61,2017,0.159
3,155,Adam Henrique,82,18,24,42,24,-5,16.45,8,3,13,0.22,0.293,0.512,122,78,71,2018,0.148
4,193,Adrian Kempe,81,16,21,37,49,11,13.32,1,3,5,0.198,0.259,0.457,119,91,18,2017,0.135
5,280,Adrian Kempe,81,12,16,28,50,-10,14.5,0,2,4,0.148,0.198,0.346,118,86,21,2018,0.102
6,25,Aleksander Barkov,79,27,51,78,14,9,22.07,5,3,17,0.342,0.646,0.987,256,30,67,2017,0.106
7,10,Aleksander Barkov,82,35,61,96,8,-3,22.35,13,5,31,0.427,0.744,1.171,206,28,61,2018,0.17
8,102,Alex DeBrincat,82,28,24,52,6,6,14.8,6,1,12,0.341,0.293,0.634,181,40,25,2017,0.155
9,33,Alex DeBrincat,82,41,35,76,15,0,17.7,13,3,24,0.5,0.427,0.927,220,35,26,2018,0.186
10,109,Alex Galchenyuk,82,19,32,51,22,-31,16.23,9,2,24,0.232,0.39,0.622,213,33,37,2017,0.089
11,161,Alex Galchenyuk,72,19,22,41,34,-19,15.72,9,4,21,0.264,0.306,0.569,159,62,34,2018,0.12
12,214,Alex Goligoski,78,12,23,35,26,-31,23.27,3,3,11,0.154,0.295,0.449,119,114,154,2017,0.101
13,303,Alex Goligoski,76,3,24,27,16,-7,20.82,1,0,7,0.039,0.316,0.355,102,79,154,2018,0.029
14,169,Alex Killorn,82,18,22,40,45,22,14.87,2,2,5,0.22,0.268,0.488,153,88,23,2018,0.118
15,136,Alex Killorn,82,15,32,47,45,22,16.5,2,1,9,0.183,0.39,0.573,156,82,25,2017,0.096
16,164,Alex Pietrangelo,71,13,28,41,22,2,24.07,3,2,15,0.183,0.394,0.577,168,62,139,2018,0.077
17,97,Alex Pietrangelo,78,15,39,54,22,8,25.73,3,5,13,0.192,0.5,0.692,216,48,164,2017,0.069
18,105,Alex Tuch,74,20,32,52,8,13,16.72,3,6,6,0.27,0.432,0.703,180,92,40,2018,0.111
19,195,Alex Tuch,78,15,22,37,27,3,15.22,4,4,10,0.192,0.282,0.474,171,99,42,2017,0.088
20,225,Alexander Edler,56,10,24,34,54,3,24.57,4,2,17,0.179,0.429,0.607,128,127,166,2018,0.078
21,227,Alexander Edler,70,6,28,34,68,-18,24.3,1,2,15,0.086,0.4,0.486,172,157,203,2017,0.035
22,157,Alexander Kerfoot,79,19,24,43,28,-7,13.42,5,0,17,0.241,0.304,0.544,81,42,35,2017,0.235
23,157,Alexander Kerfoot,78,15,27,42,38,-9,14.87,4,1,16,0.192,0.346,0.538,116,22,29,2018,0.129
24,11,Alexander Ovechkin,82,49,38,87,32,3,20.13,17,7,31,0.598,0.463,1.061,355,139,21,2017,0.138
25,15,Alexander Ovechkin,81,51,38,89,40,7,20.92,18,5,28,0.63,0.469,1.099,338,223,41,2018,0.151
26,31,Alexander Radulov,82,27,45,72,72,4,20.12,7,4,23,0.329,0.549,0.878,217,77,64,2017,0.124
27,46,Alexander Radulov,70,29,43,72,54,22,19.77,7,7,23,0.414,0.614,1.029,209,60,83,2018,0.139
28,142,Alexander Steen,76,15,31,46,20,-11,18.7,4,2,14,0.197,0.408,0.605,168,53,58,2017,0.089
29,296,Alexander Steen,65,10,17,27,14,2,15.83,2,0,5,0.154,0.262,0.415,114,55,50,2018,0.088
30,337,Alexander Wennberg,75,2,23,25,12,-1,15.07,1,0,6,0.027,0.307,0.333,64,34,32,2018,0.031
31,217,Alexander Wennberg,66,8,27,35,12,22,18.12,3,2,5,0.121,0.409,0.53,74,28,46,2017,0.108
32,62,Anders Lee,82,40,22,62,44,-25,17.27,14,2,22,0.488,0.268,0.756,208,102,38,2017,0.192
33,106,Anders Lee,82,28,23,51,58,20,17.08,10,5,16,0.341,0.28,0.622,204,103,51,2018,0.137
34,89,Andreas Athanasiou,76,30,24,54,38,-9,16.97,3,4,11,0.395,0.316,0.711,216,33,26,2018,0.139
35,229,Andreas Athanasiou,71,16,17,33,16,-15,15.3,1,2,3,0.225,0.239,0.465,170,24,28,2017,0.094
36,201,Anthony Beauvillier,71,21,15,36,16,2,14.53,3,2,8,0.296,0.211,0.507,132,80,29,2017,0.159
37,279,Anthony Beauvillier,81,18,10,28,8,1,14.63,1,4,2,0.222,0.123,0.346,156,87,35,2018,0.115
38,117,Anthony Mantha,67,25,23,48,30,-8,17.82,7,1,13,0.373,0.343,0.716,198,67,23,2018,0.126
39,125,Anthony Mantha,80,24,24,48,52,-1,17.28,9,2,12,0.3,0.3,0.6,190,91,36,2017,0.126
40,7,Anze Kopitar,82,35,57,92,20,21,22.08,7,6,27,0.427,0.695,1.122,200,50,64,2017,0.175
41,72,Anze Kopitar,81,22,38,60,30,-20,22.3,1,3,19,0.272,0.469,0.741,156,59,66,2018,0.141
42,18,Artemi Panarin,79,28,59,87,23,14,19.85,6,8,18,0.354,0.747,1.101,191,14,17,2018,0.147
43,20,Artemi Panarin,81,27,55,82,26,23,20.12,7,5,21,0.333,0.679,1.012,228,15,19,2017,0.118
44,58,Auston Matthews,62,34,29,63,12,25,18.12,5,5,13,0.548,0.468,1.016,187,16,61,2017,0.182
45,42,Auston Matthews,68,37,36,73,12,-9,18.55,12,5,20,0.544,0.529,1.074,251,28,60,2018,0.147
46,14,Blake Wheeler,82,20,71,91,60,0,20.7,2,3,33,0.244,0.866,1.11,231,81,53,2018,0.087
47,9,Blake Wheeler,81,23,68,91,52,13,20.23,6,2,40,0.284,0.84,1.123,246,94,66,2017,0.094
48,151,Bo Horvat,64,22,22,44,10,-1,19.35,10,3,13,0.344,0.344,0.688,158,35,29,2017,0.139
49,70,Bo Horvat,82,27,34,61,33,-4,20.83,7,3,18,0.329,0.415,0.744,227,62,63,2018,0.119
50,156,Bobby Ryan,78,15,27,42,35,-29,15.67,7,1,16,0.192,0.346,0.538,160,77,49,2018,0.094
51,235,Bobby Ryan,62,11,22,33,14,-12,16.43,1,1,4,0.177,0.355,0.532,112,97,52,2017,0.098
52,243,Boone Jenner,75,13,19,32,39,1,16.45,2,2,3,0.173,0.253,0.427,187,205,83,2017,0.07
53,182,Boone Jenner,77,16,22,38,42,6,17.05,1,3,3,0.208,0.286,0.494,170,158,70,2018,0.094
54,5,Brad Marchand,79,36,64,100,96,15,19.62,10,9,34,0.456,0.81,1.266,231,46,19,2018,0.156
55,13,Brad Marchand,68,34,51,85,63,25,19.7,8,8,23,0.5,0.75,1.25,182,37,25,2017,0.187
56,250,Brandon Montour,80,9,23,32,42,16,20.47,5,5,12,0.113,0.288,0.4,160,96,83,2017,0.056
57,215,Brandon Montour,82,8,27,35,56,-20,22.43,1,2,6,0.098,0.329,0.427,181,99,121,2018,0.044
58,208,Brandon Saad,82,18,17,35,14,-10,17.5,1,8,1,0.22,0.207,0.427,237,29,32,2017,0.076
59,124,Brandon Saad,80,23,24,47,12,-9,17.68,5,3,6,0.288,0.3,0.588,195,52,25,2018,0.118
60,45,Brayden Point,82,32,34,66,24,18,19.63,5,12,11,0.39,0.415,0.805,217,26,57,2017,0.148
61,12,Brayden Point,79,41,51,92,28,27,18.92,20,7,35,0.519,0.646,1.165,191,31,43,2018,0.215
62,91,Brayden Schenn,72,17,37,54,40,3,18.58,4,5,12,0.236,0.514,0.75,159,111,31,2018,0.107
63,35,Brayden Schenn,82,28,42,70,56,10,19.72,8,8,19,0.341,0.512,0.854,210,154,37,2017,0.133
64,102,Brendan Gallagher,82,33,19,52,49,10,16.38,4,4,7,0.402,0.232,0.634,302,126,31,2018,0.109
65,95,Brendan Gallagher,82,31,23,54,34,-13,16.17,8,4,17,0.378,0.28,0.659,278,90,41,2017,0.112
66,22,Brent Burns,82,16,67,83,34,13,25.08,7,6,28,0.195,0.817,1.012,300,90,105,2018,0.053
67,42,Brent Burns,82,12,55,67,46,-16,25.23,5,2,27,0.146,0.671,0.817,332,79,136,2017,0.036
68,80,Brock Boeser,69,26,30,56,22,-2,19.15,6,3,15,0.377,0.435,0.812,209,14,22,2018,0.124
69,91,Brock Boeser,62,29,26,55,16,-5,17.48,10,4,23,0.468,0.419,0.887,179,29,24,2017,0.162
70,207,Brock Nelson,82,19,16,35,43,-4,14.73,4,3,8,0.232,0.195,0.427,138,50,52,2017,0.138
71,95,Brock Nelson,82,25,28,53,28,20,17.97,2,3,8,0.305,0.341,0.646,181,51,55,2018,0.138
72,162,Bryan Little,82,15,26,41,26,-12,15.82,4,5,7,0.183,0.317,0.5,126,62,29,2018,0.119
73,160,Bryan Little,82,16,27,43,28,2,16.93,2,2,12,0.195,0.329,0.524,129,50,33,2017,0.124
74,187,Bryan Rust,69,13,25,38,26,11,16.03,2,3,4,0.188,0.362,0.551,123,97,40,2017,0.106
75,206,Bryan Rust,72,18,17,35,24,10,15.9,0,4,0,0.25,0.236,0.486,141,119,59,2018,0.128
76,209,Calle Järnkrok,68,16,19,35,12,20,15.88,1,3,4,0.235,0.279,0.515,105,36,31,2017,0.152
77,312,Calle Järnkrok,79,10,16,26,12,13,15.42,1,1,2,0.127,0.203,0.329,106,56,22,2018,0.094
78,137,Cam Atkinson,65,24,22,46,14,19,18.92,3,5,10,0.369,0.338,0.708,231,32,29,2017,0.104
79,56,Cam Atkinson,80,41,28,69,20,3,19.37,8,8,14,0.513,0.35,0.863,295,27,25,2018,0.139
80,191,Carl Söderberg,77,16,21,37,26,1,17.35,3,3,5,0.208,0.273,0.481,150,71,64,2017,0.107
81,114,Carl Söderberg,82,23,26,49,26,-5,17.43,2,2,10,0.28,0.317,0.598,188,99,67,2018,0.122
82,197,Charlie Coyle,66,11,26,37,18,8,16.52,0,1,3,0.167,0.394,0.561,117,76,63,2017,0.094
83,221,Charlie Coyle,81,12,22,34,20,-1,16.77,1,2,4,0.148,0.272,0.42,155,77,56,2018,0.077
84,103,Chris Kreider,79,28,24,52,57,4,17.4,7,2,12,0.354,0.304,0.658,201,159,49,2018,0.139
85,190,Chris Kreider,58,16,21,37,44,-2,15.6,7,0,12,0.276,0.362,0.638,137,103,24,2017,0.117
86,120,Chris Tierney,81,9,39,48,26,-22,17.02,0,1,10,0.111,0.481,0.593,116,30,54,2018,0.078
87,176,Chris Tierney,82,17,23,40,8,0,15.98,3,2,7,0.207,0.28,0.488,118,26,45,2017,0.144
88,2,Claude Giroux,82,34,68,102,20,28,20.35,9,1,36,0.415,0.829,1.244,193,30,23,2017,0.176
89,19,Claude Giroux,82,22,63,85,24,9,21.45,2,4,23,0.268,0.768,1.037,229,28,19,2018,0.096
90,129,Clayton Keller,82,14,33,47,24,-21,18.23,1,5,19,0.171,0.402,0.573,200,16,21,2018,0.07
91,50,Clayton Keller,82,23,42,65,24,-7,18.08,6,3,20,0.28,0.512,0.793,212,7,28,2017,0.109
92,172,Colin Miller,82,10,31,41,53,-4,19.33,5,2,17,0.122,0.378,0.5,177,165,64,2017,0.057
93,276,Colin Miller,65,3,26,29,44,0,19.63,1,0,13,0.046,0.4,0.446,131,122,64,2018,0.023
94,283,Colton Parayko,80,10,18,28,15,20,22.78,4,3,8,0.125,0.225,0.35,176,127,157,2018,0.057
95,218,Colton Parayko,82,6,29,35,13,-7,22.6,2,0,9,0.073,0.354,0.427,212,120,141,2017,0.028
96,2,Connor McDavid,78,41,75,116,20,3,22.83,9,9,33,0.526,0.962,1.487,240,39,30,2018,0.171
97,1,Connor McDavid,82,41,67,108,26,20,21.53,5,7,20,0.5,0.817,1.317,274,28,46,2017,0.15
98,181,Craig Smith,76,21,17,38,20,11,15.12,4,2,8,0.276,0.224,0.5,205,77,33,2018,0.102
99,108,Craig Smith,79,25,26,51,24,20,15.37,9,2,14,0.316,0.329,0.646,229,60,35,2017,0.109
100,222,Danton Heinen,77,11,23,34,16,13,13.97,1,2,7,0.143,0.299,0.442,114,54,36,2018,0.097
101,135,Danton Heinen,77,16,31,47,16,10,15.02,2,4,12,0.208,0.403,0.61,135,45,33,2017,0.119
102,45,David Krejcí,81,20,53,73,16,7,17.67,6,4,16,0.247,0.654,0.901,139,28,24,2018,0.144
103,152,David Krejcí,64,17,27,44,18,10,16.87,7,2,13,0.266,0.422,0.688,119,31,35,2017,0.143
104,26,David Pastrnak,66,38,43,81,32,6,18.75,17,4,33,0.576,0.652,1.227,235,57,25,2018,0.162
105,21,David Pastrnak,82,35,45,80,37,10,17.98,13,5,26,0.427,0.549,0.976,246,55,31,2017,0.142
106,132,David Perron,57,23,23,46,46,3,17.08,7,1,14,0.404,0.404,0.807,112,52,13,2018,0.205
107,47,David Perron,70,16,50,66,50,1,17.78,1,4,18,0.229,0.714,0.943,125,118,20,2017,0.128
108,186,Derek Ryan,80,15,23,38,28,-15,15.6,3,1,7,0.188,0.288,0.475,135,52,27,2017,0.111
109,184,Derek Ryan,81,13,25,38,24,21,13.8,2,1,7,0.16,0.309,0.469,103,19,19,2018,0.126
110,87,Derek Stepan,82,14,42,56,26,-7,19.25,3,2,18,0.171,0.512,0.683,209,52,54,2017,0.067
111,210,Derek Stepan,72,15,20,35,14,-2,19.22,1,3,3,0.208,0.278,0.486,195,50,51,2018,0.077
112,140,Derick Brassard,72,21,25,46,34,0,17.72,5,3,6,0.292,0.347,0.639,197,96,25,2017,0.107
113,347,Derick Brassard,70,14,9,23,39,-19,14.98,2,0,5,0.2,0.129,0.329,110,102,15,2018,0.127
114,246,Devin Shore,82,11,21,32,14,-30,15.42,2,1,11,0.134,0.256,0.39,123,71,57,2017,0.089
115,271,Devin Shore,76,10,19,29,13,-12,14.25,2,4,5,0.132,0.25,0.382,82,94,64,2018,0.122
116,153,Dougie Hamilton,82,17,27,44,64,1,21.5,6,4,12,0.207,0.329,0.537,270,83,80,2017,0.063
117,175,Dougie Hamilton,82,18,21,39,54,0,19.67,2,2,7,0.22,0.256,0.476,259,160,91,2018,0.07
118,75,Drew Doughty,82,10,50,60,54,23,26.82,3,4,20,0.122,0.61,0.732,205,127,128,2017,0.049
119,140,Drew Doughty,82,8,37,45,44,-34,26.58,7,1,24,0.098,0.451,0.549,154,168,120,2018,0.052
120,107,Dustin Brown,72,22,29,51,24,-17,20.4,9,3,12,0.306,0.403,0.708,180,150,29,2018,0.122
121,68,Dustin Brown,81,28,33,61,58,31,19.83,9,6,15,0.346,0.407,0.753,222,189,33,2017,0.126
122,257,Dustin Byfuglien,42,4,27,31,69,4,24.35,1,1,16,0.095,0.643,0.738,115,77,51,2018,0.035
123,147,Dustin Byfuglien,69,8,37,45,112,15,24.33,4,1,22,0.116,0.536,0.652,193,147,100,2017,0.042
124,44,Dylan Larkin,76,32,41,73,75,-6,21.83,7,4,15,0.421,0.539,0.961,287,80,38,2018,0.112
125,61,Dylan Larkin,82,16,47,63,61,-9,19.83,1,4,8,0.195,0.573,0.768,232,76,42,2017,0.069
126,30,Elias Lindholm,81,27,51,78,20,30,20.03,9,5,26,0.333,0.63,0.963,182,82,39,2018,0.148
127,154,Elias Lindholm,81,16,28,44,18,-8,17.87,6,4,9,0.198,0.346,0.543,153,98,41,2017,0.105
128,26,Eric Staal,82,42,34,76,42,8,17.8,11,4,17,0.512,0.415,0.927,241,42,49,2017,0.174
129,104,Eric Staal,81,22,30,52,34,-7,18.12,7,6,15,0.272,0.37,0.642,215,41,28,2018,0.102
130,65,Erik Karlsson,71,9,53,62,36,-25,26.7,3,2,18,0.127,0.746,0.873,196,58,120,2017,0.046
131,141,Erik Karlsson,53,3,42,45,22,6,24.48,2,1,20,0.057,0.792,0.849,169,44,69,2018,0.018
132,96,Evander Kane,78,29,25,54,82,-9,19.57,3,2,9,0.372,0.321,0.692,307,159,34,2017,0.095
133,79,Evander Kane,75,30,26,56,153,-4,18.4,5,1,11,0.4,0.347,0.747,268,173,25,2018,0.112
134,4,Evgeni Malkin,78,42,56,98,87,16,18.98,14,7,38,0.538,0.718,1.256,239,48,32,2017,0.176
135,48,Evgeni Malkin,68,21,51,72,89,-25,18.8,9,5,26,0.309,0.75,1.059,187,54,33,2018,0.112
136,53,Evgeny Dadonov,82,28,42,70,8,-6,18.37,8,4,17,0.341,0.512,0.854,195,33,42,2018,0.144
137,49,Evgeny Dadonov,74,28,37,65,8,10,18.68,6,6,13,0.378,0.5,0.878,188,27,33,2017,0.149
138,19,Evgeny Kuznetsov,79,27,56,83,48,3,18.8,7,8,30,0.342,0.709,1.051,187,50,26,2017,0.144
139,49,Evgeny Kuznetsov,76,21,51,72,50,7,18.78,8,3,23,0.276,0.671,0.947,193,46,20,2018,0.109
140,110,Filip Forsberg,64,28,22,50,26,8,18.6,7,4,10,0.438,0.344,0.781,217,100,29,2018,0.129
141,54,Filip Forsberg,67,26,38,64,38,27,17.47,13,6,21,0.388,0.567,0.955,179,86,37,2017,0.145
142,213,Frans Nielsen,72,10,25,35,14,-7,16.67,0,4,8,0.139,0.347,0.486,120,79,44,2018,0.083
143,230,Frans Nielsen,79,16,17,33,14,1,15.82,4,3,7,0.203,0.215,0.418,134,49,62,2017,0.119
144,63,Gabriel Landeskog,78,25,37,62,37,16,20.13,8,1,17,0.321,0.474,0.795,183,149,51,2017,0.137
145,37,Gabriel Landeskog,73,34,41,75,51,17,21.13,10,9,27,0.466,0.562,1.027,243,120,64,2018,0.14
146,174,Gustav Nyquist,82,21,19,40,20,-2,17.83,3,2,8,0.256,0.232,0.488,213,65,36,2017,0.099
147,73,Gustav Nyquist,81,22,38,60,12,1,17.52,2,3,12,0.272,0.469,0.741,204,36,23,2018,0.108
148,169,Ivan Provorov,82,17,24,41,20,17,24.13,2,2,5,0.207,0.293,0.5,203,148,169,2017,0.084
149,315,Ivan Provorov,82,7,19,26,32,-16,25.1,0,1,2,0.085,0.232,0.317,145,123,149,2018,0.048
150,81,J.T. Miller,82,23,35,58,40,-4,17.02,11,5,18,0.28,0.427,0.707,143,124,26,2017,0.161
151,130,J.T. Miller,75,13,34,47,30,8,14.65,4,4,20,0.173,0.453,0.627,108,115,23,2018,0.12
152,55,Jack Eichel,67,25,39,64,32,-25,20.15,3,4,20,0.373,0.582,0.955,246,52,35,2017,0.102
153,24,Jack Eichel,77,28,54,82,26,-11,20.43,8,2,26,0.364,0.701,1.065,303,70,51,2018,0.092
154,78,Jaden Schwartz,62,24,35,59,26,15,19.38,6,3,11,0.387,0.565,0.952,157,52,30,2017,0.153
155,203,Jaden Schwartz,69,11,25,36,16,-6,18.12,2,1,5,0.159,0.362,0.522,183,61,27,2018,0.06
156,159,Jake DeBrusk,70,16,27,43,19,13,14.37,2,5,9,0.229,0.386,0.614,143,70,26,2017,0.112
157,153,Jake DeBrusk,68,27,15,42,18,2,16.15,8,4,11,0.397,0.221,0.618,156,45,24,2018,0.173
158,107,Jake Gardiner,82,5,47,52,32,9,22.52,1,0,15,0.061,0.573,0.634,133,51,103,2017,0.038
159,267,Jake Gardiner,62,3,27,30,26,19,21.2,0,0,5,0.048,0.435,0.484,78,61,64,2018,0.039
160,34,Jake Guentzel,82,40,36,76,26,13,19.35,6,4,11,0.488,0.439,0.927,227,105,47,2018,0.176
161,128,Jake Guentzel,82,22,26,48,42,-9,16.48,7,1,12,0.268,0.317,0.585,171,142,46,2017,0.129
162,197,Jake Muzzin,80,9,28,37,47,21,21.33,1,1,5,0.113,0.35,0.463,141,172,134,2018,0.064
163,166,Jake Muzzin,74,8,34,42,40,10,21.65,4,1,14,0.108,0.459,0.568,154,170,123,2017,0.052
164,148,Jakob Silfverberg,73,24,19,43,28,-9,17.08,3,4,11,0.329,0.26,0.589,163,38,43,2018,0.147
165,175,Jakob Silfverberg,77,17,23,40,18,6,17.95,2,2,8,0.221,0.299,0.519,187,52,61,2017,0.091
166,62,Jakub Vorácek,78,20,46,66,25,-16,18.67,4,2,18,0.256,0.59,0.846,210,17,29,2018,0.095
167,15,Jakub Vorácek,82,20,65,85,50,10,19.45,5,3,35,0.244,0.793,1.037,228,23,32,2017,0.088
168,116,James van Riemsdyk,66,27,21,48,18,-10,16.6,8,4,13,0.409,0.318,0.727,167,34,16,2018,0.162
169,94,James van Riemsdyk,81,36,18,54,30,1,14.88,11,5,20,0.444,0.222,0.667,248,40,23,2017,0.145
170,22,Jamie Benn,82,36,43,79,54,20,19.82,9,7,22,0.439,0.524,0.963,241,140,62,2017,0.149
171,94,Jamie Benn,78,27,26,53,56,14,18.22,8,2,11,0.346,0.333,0.679,189,142,71,2018,0.143
172,198,Jared Spurgeon,61,9,28,37,8,-6,24.53,3,2,13,0.148,0.459,0.607,110,64,127,2017,0.082
173,151,Jared Spurgeon,82,14,29,43,20,-1,24.13,4,0,11,0.171,0.354,0.524,152,91,145,2018,0.092
174,222,Jason Pominville,82,16,18,34,8,-17,14.88,5,1,7,0.195,0.22,0.415,168,39,35,2017,0.095
175,245,Jason Pominville,73,16,15,31,4,-4,12.45,1,3,2,0.219,0.205,0.425,134,18,20,2018,0.119
176,154,Jason Zucker,81,21,21,42,28,-9,17.07,7,5,14,0.259,0.259,0.519,214,87,38,2018,0.098
177,52,Jason Zucker,82,33,31,64,44,8,16.95,7,7,16,0.402,0.378,0.78,222,80,47,2017,0.149
178,164,Jeff Petry,82,12,30,42,28,-30,23.48,6,2,23,0.146,0.366,0.512,178,167,138,2017,0.067
179,135,Jeff Petry,82,13,33,46,28,-5,23.12,3,4,11,0.159,0.402,0.561,172,190,123,2018,0.076
180,66,Jeff Skinner,82,40,23,63,36,0,18.52,8,7,16,0.488,0.28,0.768,268,31,24,2018,0.149
181,121,Jeff Skinner,82,24,25,49,34,-27,16.7,4,2,9,0.293,0.305,0.598,277,35,24,2017,0.087
182,237,Jesper Bratt,51,8,25,33,6,-8,15.17,1,1,8,0.157,0.49,0.647,91,36,22,2018,0.088
183,212,Jesper Bratt,74,13,22,35,18,-16,15.23,4,2,12,0.176,0.297,0.473,100,44,22,2017,0.13
184,64,Joe Pavelski,75,38,26,64,22,-4,19.03,12,6,21,0.507,0.347,0.853,188,69,61,2018,0.202
185,46,Joe Pavelski,82,22,44,66,41,0,19.25,7,1,23,0.268,0.537,0.805,224,93,70,2017,0.098
186,108,Joe Thornton,73,16,35,51,20,8,15.53,3,4,15,0.219,0.479,0.699,90,17,14,2018,0.178
187,203,Joe Thornton,47,13,23,36,38,-9,18.35,7,1,18,0.277,0.489,0.766,75,32,18,2017,0.173
188,40,John Carlson,82,15,53,68,32,0,24.78,4,4,32,0.183,0.646,0.829,237,47,146,2017,0.063
189,55,John Carlson,80,13,57,70,34,21,25.05,3,1,33,0.163,0.713,0.875,185,54,164,2018,0.07
190,139,John Klingberg,64,10,35,45,12,6,24.52,5,5,20,0.156,0.547,0.703,153,42,77,2018,0.065
191,43,John Klingberg,82,8,59,67,26,10,24.07,1,3,23,0.098,0.72,0.817,204,44,109,2017,0.039
192,16,John Tavares,82,47,41,88,34,19,19.08,10,8,19,0.573,0.5,1.073,286,59,53,2018,0.164
193,16,John Tavares,82,37,47,84,26,-12,19.92,12,3,30,0.451,0.573,1.024,257,30,34,2017,0.144
194,8,Johnny Gaudreau,82,36,63,99,24,18,20.07,6,8,27,0.439,0.768,1.207,245,12,12,2018,0.147
195,18,Johnny Gaudreau,80,24,60,84,26,2,19.42,3,4,24,0.3,0.75,1.05,227,16,18,2017,0.106
196,99,Jonathan Drouin,81,18,35,53,26,-8,16.92,3,3,16,0.222,0.432,0.654,190,55,23,2018,0.095
197,143,Jonathan Drouin,77,13,33,46,30,-28,17.62,4,4,22,0.169,0.429,0.597,164,55,27,2017,0.079
198,38,Jonathan Huberdeau,82,27,42,69,32,-2,19.2,7,4,19,0.329,0.512,0.841,204,41,42,2017,0.132
199,13,Jonathan Huberdeau,82,30,62,92,40,-14,18.85,11,5,34,0.366,0.756,1.122,226,57,45,2018,0.133
200,30,Jonathan Marchessault,77,27,48,75,40,36,17.52,6,6,16,0.351,0.623,0.974,268,99,26,2017,0.101
201,75,Jonathan Marchessault,82,25,34,59,52,2,18.13,5,6,16,0.305,0.415,0.72,278,98,22,2018,0.09
202,104,Jonathan Toews,74,20,32,52,47,-1,19.68,2,2,12,0.27,0.432,0.703,211,32,24,2017,0.095
203,27,Jonathan Toews,82,35,46,81,40,2,21.0,9,5,23,0.427,0.561,0.988,235,42,44,2018,0.149
204,191,Joonas Donskoi,80,14,23,37,10,10,13.42,1,4,3,0.175,0.288,0.463,115,36,36,2018,0.122
205,242,Joonas Donskoi,66,14,18,32,26,10,14.97,1,2,5,0.212,0.273,0.485,129,28,28,2017,0.109
206,77,Jordan Eberle,81,25,34,59,21,5,16.07,3,7,10,0.309,0.42,0.728,183,46,30,2017,0.137
207,187,Jordan Eberle,78,19,18,37,17,-6,16.52,7,5,12,0.244,0.231,0.474,160,36,35,2018,0.119
208,141,Jordan Staal,79,19,27,46,26,-4,19.23,4,2,12,0.241,0.342,0.582,160,181,32,2017,0.119
209,281,Jordan Staal,50,11,17,28,26,6,18.28,0,1,2,0.22,0.34,0.56,121,122,18,2018,0.091
210,33,Joshua Bailey,76,18,53,71,17,-20,17.88,5,3,31,0.237,0.697,0.934,151,12,33,2017,0.119
211,85,Joshua Bailey,82,16,40,56,21,8,16.82,2,4,14,0.195,0.488,0.683,126,19,32,2018,0.127
212,111,Justin Williams,82,16,35,51,56,-9,16.58,2,2,12,0.195,0.427,0.622,198,79,42,2017,0.081
213,96,Justin Williams,82,23,30,53,44,-4,17.43,9,5,14,0.28,0.366,0.646,237,55,32,2018,0.097
214,68,Keith Yandle,82,9,53,62,50,-17,22.43,7,2,39,0.11,0.646,0.756,199,47,76,2018,0.045
215,89,Keith Yandle,82,8,48,56,35,7,24.48,1,1,18,0.098,0.585,0.683,179,26,101,2017,0.045
216,177,Kevin Fiala,83,13,26,39,36,-23,15.63,2,2,11,0.157,0.313,0.47,174,42,20,2018,0.075
217,126,Kevin Fiala,80,23,25,48,26,20,15.13,4,4,13,0.288,0.313,0.6,187,34,27,2017,0.123
218,87,Kevin Hayes,71,19,36,55,12,-2,18.27,3,2,11,0.268,0.507,0.775,156,58,15,2018,0.122
219,149,Kevin Hayes,76,25,19,44,18,1,17.35,6,4,8,0.329,0.25,0.579,172,40,36,2017,0.145
220,83,Kevin Labanc,82,17,39,56,36,-1,14.02,2,4,20,0.207,0.476,0.683,130,66,16,2018,0.131
221,179,Kevin Labanc,77,11,29,40,32,-6,14.33,4,3,17,0.143,0.377,0.519,156,31,23,2017,0.071
222,84,Kristopher Letang,65,16,40,56,48,13,25.95,2,3,19,0.246,0.615,0.862,206,116,111,2018,0.078
223,112,Kristopher Letang,79,9,42,51,56,-9,25.32,4,1,20,0.114,0.532,0.646,222,109,108,2017,0.041
224,82,Kyle Connor,76,31,26,57,16,8,16.9,7,7,11,0.408,0.342,0.75,192,18,26,2017,0.162
225,59,Kyle Connor,82,34,32,66,18,-7,19.25,11,5,19,0.415,0.39,0.805,227,9,21,2018,0.15
226,155,Kyle Okposo,76,15,29,44,40,-34,17.02,6,2,21,0.197,0.382,0.579,161,70,34,2017,0.093
227,268,Kyle Okposo,78,14,15,29,41,-9,13.78,7,2,11,0.179,0.192,0.372,147,87,27,2018,0.095
228,111,Kyle Palmieri,74,27,23,50,42,-9,18.15,11,2,18,0.365,0.311,0.676,224,98,35,2018,0.121
229,150,Kyle Palmieri,62,24,20,44,30,-1,17.3,11,5,23,0.387,0.323,0.71,181,94,50,2017,0.133
230,202,Lars Eller,81,13,23,36,37,-1,16.53,0,1,3,0.16,0.284,0.444,163,69,47,2018,0.08
231,184,Lars Eller,81,18,20,38,38,-6,15.28,3,2,6,0.222,0.247,0.469,161,71,69,2017,0.112
232,36,Leon Draisaitl,78,25,45,70,30,-7,19.28,6,1,11,0.321,0.577,0.897,194,40,24,2017,0.129
233,4,Leon Draisaitl,82,50,55,105,52,2,22.58,16,5,29,0.61,0.671,1.28,231,57,26,2018,0.217
234,54,Logan Couture,81,27,43,70,22,-6,18.58,6,3,18,0.333,0.531,0.864,204,65,52,2018,0.132
235,66,Logan Couture,78,34,27,61,18,-2,18.53,10,4,21,0.436,0.346,0.782,204,33,72,2017,0.167
236,336,Marc-Edouard Vlasic,72,3,22,25,10,-6,21.03,0,0,1,0.042,0.306,0.347,100,23,114,2018,0.03
237,244,Marc-Edouard Vlasic,81,11,21,32,34,9,22.55,1,2,3,0.136,0.259,0.395,161,26,174,2017,0.068
238,41,Mark Giordano,78,17,57,74,69,39,24.23,3,2,21,0.218,0.731,0.949,221,58,144,2018,0.077
239,188,Mark Giordano,82,13,25,38,63,0,24.78,1,4,10,0.159,0.305,0.463,214,93,161,2017,0.061
240,20,Mark Scheifele,82,38,46,84,38,8,21.85,12,6,23,0.463,0.561,1.024,199,54,54,2018,0.191
241,73,Mark Scheifele,60,23,37,60,18,19,20.65,8,3,16,0.383,0.617,1.0,125,57,31,2017,0.184
242,64,Mark Stone,58,20,42,62,10,9,20.65,1,3,11,0.345,0.724,1.069,132,53,39,2017,0.152
243,43,Mark Stone,77,33,40,73,27,17,19.88,6,4,20,0.429,0.519,0.948,199,72,71,2018,0.166
244,14,Mathew Barzal,82,22,63,85,30,1,17.75,5,4,27,0.268,0.768,1.037,170,21,31,2017,0.129
245,67,Mathew Barzal,82,18,44,62,46,-5,17.92,3,3,18,0.22,0.537,0.756,179,25,56,2018,0.101
246,262,Mathieu Perreault,82,15,15,30,44,-1,12.22,4,3,7,0.183,0.183,0.366,95,127,25,2018,0.158
247,182,Mathieu Perreault,70,17,22,39,38,4,14.47,6,2,14,0.243,0.314,0.557,139,120,25,2017,0.122
248,171,Mats Zuccarello,48,12,28,40,24,-8,19.85,3,1,15,0.25,0.583,0.833,104,57,43,2018,0.115
249,99,Mats Zuccarello,80,16,37,53,36,-10,18.92,1,3,17,0.2,0.463,0.663,178,62,67,2017,0.09
250,76,Matt Duchene,82,27,32,59,18,-22,18.32,9,3,13,0.329,0.39,0.72,190,60,49,2017,0.142
251,52,Matt Duchene,73,31,39,70,8,-3,18.83,6,1,14,0.425,0.534,0.959,172,28,40,2018,0.18
252,120,Matthew Tkachuk,68,24,25,49,61,-1,17.25,10,2,17,0.353,0.368,0.721,188,80,16,2017,0.128
253,31,Matthew Tkachuk,80,34,43,77,62,14,17.58,11,2,24,0.425,0.538,0.963,207,104,13,2018,0.164
254,225,Mattias Ekholm,81,10,24,34,46,25,23.57,5,1,13,0.123,0.296,0.42,135,75,117,2017,0.074
255,147,Mattias Ekholm,80,8,36,44,47,27,23.35,2,3,7,0.1,0.45,0.55,146,68,107,2018,0.055
256,334,Mattias Janmark-Nylén,81,6,19,25,24,-4,15.2,0,0,1,0.074,0.235,0.309,105,28,44,2018,0.057
257,221,Mattias Janmark-Nylén,81,19,15,34,24,-13,16.93,4,4,5,0.235,0.185,0.42,136,15,41,2017,0.14
258,47,Max Domi,82,28,44,72,80,20,17.37,4,2,11,0.341,0.537,0.878,203,53,39,2018,0.138
259,146,Max Domi,82,9,36,45,73,-7,16.7,1,0,9,0.11,0.439,0.549,150,49,28,2017,0.06
260,168,Max Pacioretty,66,22,18,40,36,-13,17.0,4,5,8,0.333,0.273,0.606,191,119,20,2018,0.115
261,189,Max Pacioretty,64,17,20,37,30,-16,19.0,6,4,15,0.266,0.313,0.578,212,118,27,2017,0.08
262,170,Michael Ferland,71,17,23,40,58,13,14.08,6,3,13,0.239,0.324,0.563,156,182,19,2018,0.109
263,168,Michael Ferland,77,21,20,41,24,5,15.0,6,0,6,0.273,0.26,0.532,144,171,30,2017,0.146
264,39,Mika Zibanejad,82,30,44,74,47,-12,20.55,11,5,23,0.366,0.537,0.902,236,134,66,2018,0.127
265,130,Mika Zibanejad,72,27,20,47,14,-23,17.95,14,4,21,0.375,0.278,0.653,212,92,64,2017,0.127
266,145,Mikael Backlund,82,14,31,45,78,-21,19.02,3,2,11,0.171,0.378,0.549,214,54,40,2017,0.065
267,126,Mikael Backlund,77,21,26,47,52,34,17.88,1,4,2,0.273,0.338,0.61,205,52,26,2018,0.102
268,92,Mikael Granlund,79,16,38,54,24,-8,18.33,2,5,20,0.203,0.481,0.684,189,46,40,2018,0.085
269,41,Mikael Granlund,77,21,46,67,18,13,18.77,7,2,19,0.273,0.597,0.87,193,47,45,2017,0.109
270,238,Mike Green,66,8,25,33,38,-14,22.07,1,0,13,0.121,0.379,0.5,132,78,74,2017,0.061
271,318,Mike Green,43,5,21,26,28,-1,21.67,0,0,3,0.116,0.488,0.605,92,60,56,2018,0.054
272,86,Mike Hoffman,82,22,34,56,32,-20,18.4,8,5,21,0.268,0.415,0.683,257,31,34,2017,0.086
273,51,Mike Hoffman,82,36,34,70,30,-24,17.83,17,6,35,0.439,0.415,0.854,253,42,26,2018,0.142
274,243,Mikhail Sergachyov,75,6,26,32,28,12,17.92,0,0,6,0.08,0.347,0.427,128,97,93,2018,0.047
275,181,Mikhail Sergachyov,79,9,31,40,38,11,15.37,3,5,16,0.114,0.392,0.506,141,90,64,2017,0.064
276,194,Mikkel Bødker,74,15,22,37,12,0,13.35,4,4,8,0.203,0.297,0.5,119,41,24,2017,0.126
277,216,Mikkel Bødker,71,7,28,35,6,-23,14.02,2,1,7,0.099,0.394,0.493,88,54,28,2018,0.08
278,144,Mikko Koivu,82,14,31,45,46,9,18.48,3,2,14,0.171,0.378,0.549,170,51,53,2017,0.082
279,273,Mikko Koivu,48,8,21,29,22,-2,18.28,2,0,12,0.167,0.438,0.604,89,13,32,2018,0.09
280,17,Mikko Rantanen,81,29,55,84,34,0,18.95,12,3,35,0.358,0.679,1.037,178,32,40,2017,0.163
281,17,Mikko Rantanen,74,31,56,87,54,13,20.83,16,4,33,0.419,0.757,1.176,193,59,41,2018,0.161
282,240,Miles Wood,76,19,13,32,84,-6,12.45,3,2,3,0.25,0.171,0.421,170,75,22,2017,0.112
283,342,Miles Wood,63,10,14,24,91,-10,13.68,1,1,3,0.159,0.222,0.381,159,97,27,2018,0.063
284,39,Mitchell Marner,82,22,47,69,26,-1,16.38,8,2,27,0.268,0.573,0.841,194,31,25,2017,0.113
285,11,Mitchell Marner,82,26,68,94,22,22,19.82,3,5,21,0.317,0.829,1.146,233,29,43,2018,0.112
286,106,Morgan Rielly,76,6,46,52,14,-4,21.58,1,0,25,0.079,0.605,0.684,182,48,84,2017,0.033
287,50,Morgan Rielly,82,20,52,72,14,24,23.12,3,5,21,0.244,0.634,0.878,223,61,114,2018,0.09
288,264,Nate Schmidt,61,9,21,30,8,22,21.95,1,1,8,0.148,0.344,0.492,112,37,100,2018,0.08
289,205,Nate Schmidt,76,5,31,36,16,19,22.18,1,1,11,0.066,0.408,0.474,103,41,121,2017,0.049
290,5,Nathan MacKinnon,74,39,58,97,55,11,19.88,12,12,32,0.527,0.784,1.311,284,38,22,2017,0.137
291,7,Nathan MacKinnon,82,41,58,99,34,20,22.08,12,6,37,0.5,0.707,1.207,365,54,31,2018,0.112
292,143,Nazem Kadri,73,16,28,44,43,-2,16.18,4,5,13,0.219,0.384,0.603,184,85,13,2018,0.087
293,90,Nazem Kadri,80,32,23,55,42,2,16.75,12,3,19,0.4,0.288,0.688,211,94,26,2017,0.152
294,306,Nick Bjugstad,64,14,12,26,30,6,15.12,2,2,6,0.219,0.188,0.406,154,126,27,2018,0.091
295,122,Nick Bjugstad,82,19,30,49,41,5,15.12,1,1,7,0.232,0.366,0.598,230,95,19,2017,0.083
296,207,Nick Foligno,73,17,18,35,44,12,17.7,2,2,4,0.233,0.247,0.479,141,175,51,2018,0.121
297,231,Nick Foligno,72,15,18,33,50,1,18.35,2,1,4,0.208,0.25,0.458,137,182,60,2017,0.11
298,165,Nick Leddy,80,10,32,42,20,-42,22.42,4,1,14,0.125,0.4,0.525,153,95,104,2017,0.065
299,319,Nick Leddy,82,4,22,26,18,0,21.55,0,0,10,0.049,0.268,0.317,116,77,89,2018,0.035
300,331,Nick Schmaltz,40,7,18,25,8,-12,17.82,5,2,8,0.175,0.45,0.625,62,5,12,2018,0.113
301,103,Nick Schmaltz,78,21,31,52,18,1,18.22,4,2,13,0.269,0.397,0.667,118,13,39,2017,0.178
302,32,Nicklas Bäckström,81,21,50,71,46,5,19.65,7,4,26,0.259,0.617,0.877,165,37,51,2017,0.127
303,40,Nicklas Bäckström,80,22,52,74,30,2,19.95,7,5,25,0.275,0.65,0.925,169,54,30,2018,0.13
304,128,Nico Hischier,69,17,30,47,24,0,18.1,3,3,11,0.246,0.435,0.681,160,53,44,2018,0.106
305,105,Nico Hischier,82,20,32,52,26,10,16.3,1,2,6,0.244,0.39,0.634,180,56,39,2017,0.111
306,1,Nikita Kucherov,82,41,87,128,62,24,19.95,15,8,48,0.5,1.061,1.561,246,44,31,2018,0.167
307,3,Nikita Kucherov,80,39,61,100,42,15,19.8,8,7,36,0.488,0.763,1.25,279,31,15,2017,0.14
308,72,Nikolaj Ehlers,82,29,31,60,26,14,16.08,7,7,13,0.354,0.378,0.732,231,39,27,2017,0.126
309,185,Nikolaj Ehlers,62,21,16,37,15,2,15.75,2,4,7,0.339,0.258,0.597,158,27,16,2018,0.133
310,241,Nino Niederreiter,63,18,14,32,36,14,15.0,7,4,8,0.286,0.222,0.508,133,58,20,2017,0.135
311,97,Nino Niederreiter,82,23,30,53,30,-4,16.22,6,3,15,0.28,0.366,0.646,184,94,20,2018,0.125
312,238,Noah Hanifin,80,5,28,33,12,18,20.77,1,2,5,0.063,0.35,0.413,116,87,83,2018,0.043
313,248,Noah Hanifin,79,10,22,32,21,-20,18.85,1,3,7,0.127,0.278,0.405,165,81,69,2017,0.061
314,180,Oliver Bjorkstrand,82,11,29,40,9,4,14.27,3,2,9,0.134,0.354,0.488,163,64,43,2017,0.068
315,199,Oliver Bjorkstrand,77,23,13,36,8,8,12.33,3,1,3,0.299,0.169,0.468,161,43,34,2018,0.143
316,144,Oliver Ekman-Larsson,81,14,30,44,52,-16,23.63,5,2,19,0.173,0.37,0.543,176,162,52,2018,0.08
317,163,Oliver Ekman-Larsson,82,14,28,42,44,-28,23.67,6,3,15,0.171,0.341,0.512,202,160,79,2017,0.069
318,216,Ondrej Palat,56,11,24,35,6,16,17.02,4,0,9,0.196,0.429,0.625,109,80,48,2017,0.101
319,227,Ondrej Palat,64,8,26,34,20,4,14.88,2,1,8,0.125,0.406,0.531,100,104,34,2018,0.08
320,252,P.K. Subban,63,9,22,31,60,5,22.65,2,1,10,0.143,0.349,0.492,168,56,75,2018,0.054
321,79,P.K. Subban,82,16,43,59,82,18,24.1,5,2,25,0.195,0.524,0.72,207,111,90,2017,0.077
322,188,Patric Hörnqvist,69,18,19,37,26,-3,15.47,6,2,12,0.261,0.275,0.536,197,150,34,2018,0.091
323,119,Patric Hörnqvist,70,29,20,49,58,2,17.3,15,1,22,0.414,0.286,0.7,247,137,64,2017,0.117
324,29,Patrice Bergeron,65,32,47,79,30,23,18.47,9,3,27,0.492,0.723,1.215,205,43,60,2018,0.156
325,59,Patrice Bergeron,64,30,33,63,26,21,19.43,10,6,21,0.469,0.516,0.984,224,48,42,2017,0.134
326,28,Patrick Kane,82,27,49,76,32,-20,20.18,5,4,22,0.329,0.598,0.927,285,18,14,2017,0.095
327,3,Patrick Kane,81,44,66,110,22,2,22.48,9,7,30,0.543,0.815,1.358,341,21,18,2018,0.129
328,131,Patrick Marleau,82,27,20,47,16,1,16.98,5,5,9,0.329,0.244,0.573,203,85,26,2017,0.133
329,189,Patrick Marleau,82,16,21,37,28,-6,16.33,4,3,10,0.195,0.256,0.451,161,74,41,2018,0.099
330,158,Patrick Maroon,74,17,26,43,73,1,16.53,1,4,7,0.23,0.351,0.581,141,150,14,2017,0.121
331,282,Patrick Maroon,74,10,18,28,64,-3,14.17,2,3,11,0.135,0.243,0.378,118,135,7,2018,0.085
332,109,Patrik Laine,82,30,20,50,42,-24,17.22,15,3,23,0.366,0.244,0.61,245,70,44,2018,0.122
333,34,Patrik Laine,82,44,26,70,24,8,16.47,20,8,31,0.537,0.317,0.854,241,74,43,2017,0.183
334,246,Paul Byron,56,15,16,31,17,16,14.57,0,3,1,0.268,0.286,0.554,94,114,36,2018,0.16
335,206,Paul Byron,82,20,15,35,23,-4,16.12,2,1,4,0.244,0.183,0.427,115,137,55,2017,0.174
336,100,Paul Stastny,82,16,37,53,18,1,18.3,3,3,9,0.195,0.451,0.646,159,43,38,2017,0.101
337,158,Paul Stastny,50,13,29,42,30,14,18.1,1,2,4,0.26,0.58,0.84,103,35,15,2018,0.126
338,180,Pavel Buchnevich,64,21,17,38,13,-10,15.17,7,1,12,0.328,0.266,0.594,119,60,20,2018,0.177
339,161,Pavel Buchnevich,74,14,29,43,20,-3,15.0,5,4,17,0.189,0.392,0.581,136,51,35,2017,0.103
340,8,Phil Kessel,82,34,58,92,36,-4,18.68,12,6,42,0.415,0.707,1.122,261,10,17,2017,0.13
341,25,Phil Kessel,82,27,55,82,28,-19,17.97,12,10,36,0.329,0.671,1.0,215,12,18,2018,0.126
342,129,Pierre-Luc Dubois,82,20,28,48,49,8,16.62,6,4,15,0.244,0.341,0.585,165,127,46,2017,0.121
343,71,Pierre-Luc Dubois,82,27,34,61,64,16,17.7,2,5,9,0.329,0.415,0.744,174,115,52,2018,0.155
344,228,Radek Faksa,79,17,16,33,36,21,15.25,0,3,0,0.215,0.203,0.418,118,101,56,2017,0.144
345,261,Radek Faksa,81,15,15,30,54,-3,16.42,1,1,3,0.185,0.185,0.37,114,103,65,2018,0.132
346,173,Rasmus Ristolainen,73,6,35,41,48,-25,26.5,1,1,23,0.082,0.479,0.562,182,206,111,2017,0.033
347,152,Rasmus Ristolainen,78,5,38,43,38,-41,24.63,1,2,17,0.064,0.487,0.551,182,235,121,2018,0.028
348,98,Reilly Smith,74,19,34,53,14,13,18.27,4,1,14,0.257,0.459,0.716,178,39,33,2018,0.107
349,74,Reilly Smith,67,22,38,60,24,31,17.92,7,4,14,0.328,0.567,0.896,162,40,24,2017,0.136
350,233,Richard Panik,75,14,19,33,44,-3,16.6,0,2,2,0.187,0.253,0.44,140,137,52,2018,0.1
351,210,Richard Panik,72,14,21,35,38,7,15.18,4,0,6,0.194,0.292,0.486,136,137,37,2017,0.103
352,37,Rickard Rakell,77,34,35,69,14,6,19.42,8,3,18,0.442,0.455,0.896,230,115,30,2017,0.148
353,150,Rickard Rakell,69,18,25,43,27,-13,18.47,6,2,13,0.261,0.362,0.623,194,82,38,2018,0.093
354,86,Roman Josi,82,15,41,56,42,9,25.15,2,4,12,0.183,0.5,0.683,274,53,144,2018,0.055
355,101,Roman Josi,75,14,39,53,24,24,24.47,7,3,20,0.187,0.52,0.707,253,80,120,2017,0.055
356,167,Ryan Dzingel,79,23,18,41,35,-17,16.48,4,2,8,0.291,0.228,0.519,136,60,19,2017,0.169
357,81,Ryan Dzingel,78,26,30,56,29,-9,16.8,5,5,11,0.333,0.385,0.718,159,54,38,2018,0.164
358,249,Ryan Ellis,44,9,23,32,6,26,23.35,2,2,5,0.205,0.523,0.727,110,27,84,2017,0.082
359,166,Ryan Ellis,82,7,34,41,20,21,24.0,1,2,5,0.085,0.415,0.5,149,71,154,2018,0.047
360,71,Ryan Getzlaf,56,11,50,61,42,20,21.43,0,0,13,0.196,0.893,1.089,117,96,57,2017,0.094
361,119,Ryan Getzlaf,67,14,34,48,58,-19,19.45,1,2,11,0.209,0.507,0.716,133,150,74,2018,0.105
362,65,Ryan Johansen,80,14,50,64,42,7,19.55,0,6,16,0.175,0.625,0.8,136,95,23,2018,0.103
363,98,Ryan Johansen,79,15,39,54,78,13,18.55,1,3,15,0.19,0.494,0.684,129,87,35,2017,0.116
364,57,Ryan Nugent-Hopkins,82,28,41,69,26,-13,20.1,8,3,26,0.341,0.5,0.841,208,69,40,2018,0.135
365,124,Ryan Nugent-Hopkins,62,24,24,48,20,10,18.07,4,2,9,0.387,0.387,0.774,151,44,39,2017,0.159
366,32,Ryan O'Reilly,82,28,49,77,12,22,20.75,6,5,22,0.341,0.598,0.939,234,31,36,2018,0.12
367,69,Ryan O'Reilly,81,24,37,61,2,-23,20.82,15,3,23,0.296,0.457,0.753,230,42,48,2017,0.104
368,247,Ryan Pulock,68,10,22,32,14,-4,18.4,5,0,11,0.147,0.324,0.471,184,113,86,2017,0.054
369,198,Ryan Pulock,82,9,28,37,22,21,22.35,3,3,9,0.11,0.341,0.451,180,143,148,2018,0.05
370,224,Ryan Strome,82,13,21,34,33,-4,15.22,2,3,6,0.159,0.256,0.415,147,43,17,2017,0.088
371,205,Ryan Strome,81,19,16,35,64,-3,15.57,4,2,7,0.235,0.198,0.432,110,76,36,2018,0.173
372,131,Ryan Suter,82,7,40,47,41,-8,26.68,3,2,15,0.085,0.488,0.573,136,78,109,2018,0.052
373,113,Ryan Suter,78,6,45,51,34,-1,26.77,1,2,23,0.077,0.577,0.654,149,78,138,2017,0.04
374,114,Sam Reinhart,82,25,25,50,26,-24,17.1,12,5,21,0.305,0.305,0.61,188,48,42,2017,0.133
375,63,Sam Reinhart,82,22,43,65,16,-10,18.95,2,1,15,0.268,0.524,0.793,180,38,47,2018,0.122
376,27,Sean Couturier,82,31,45,76,31,34,21.58,7,6,14,0.378,0.549,0.927,227,74,44,2017,0.137
377,35,Sean Couturier,80,33,43,76,34,2,22.12,8,5,17,0.413,0.538,0.95,223,40,60,2018,0.148
378,53,Sean Monahan,74,31,33,64,24,3,18.68,9,11,19,0.419,0.446,0.865,202,35,17,2017,0.154
379,23,Sean Monahan,78,34,48,82,12,7,19.05,12,5,23,0.436,0.615,1.051,211,36,24,2018,0.161
380,21,Sebastian Aho,82,30,53,83,26,25,20.15,3,7,24,0.366,0.646,1.012,243,65,34,2018,0.124
381,48,Sebastian Aho,78,29,36,65,24,4,17.92,8,4,16,0.372,0.462,0.833,200,65,17,2017,0.145
382,83,Seth Jones,78,16,41,57,30,10,24.58,7,4,24,0.205,0.526,0.731,249,92,124,2017,0.064
383,136,Seth Jones,75,9,37,46,28,1,25.82,0,4,10,0.12,0.493,0.613,184,106,133,2018,0.049
384,196,Shayne Gostisbehere,78,9,28,37,22,-20,19.65,4,2,14,0.115,0.359,0.474,180,46,102,2018,0.05
385,51,Shayne Gostisbehere,78,13,52,65,25,10,21.45,7,2,33,0.167,0.667,0.833,221,53,116,2017,0.059
386,6,Sidney Crosby,79,35,65,100,36,18,20.98,12,3,29,0.443,0.823,1.266,220,85,43,2018,0.159
387,10,Sidney Crosby,82,29,60,89,46,0,20.68,9,6,38,0.354,0.732,1.085,247,75,36,2017,0.117
388,9,Steven Stamkos,82,45,53,98,37,4,18.3,19,6,40,0.549,0.646,1.195,234,72,40,2018,0.192
389,12,Steven Stamkos,78,27,59,86,72,18,18.75,15,1,33,0.346,0.756,1.103,212,61,35,2017,0.127
390,134,T.J. Oshie,74,18,29,47,31,2,18.4,9,3,18,0.243,0.392,0.635,127,124,54,2017,0.142
391,90,T.J. Oshie,69,25,29,54,36,5,18.6,6,4,14,0.362,0.42,0.783,143,133,55,2018,0.175
392,177,Tanner Pearson,82,15,25,40,27,11,15.95,2,4,5,0.183,0.305,0.488,180,116,36,2017,0.083
393,293,Tanner Pearson,80,18,9,27,25,-15,14.05,3,1,5,0.225,0.113,0.338,147,128,41,2018,0.122
394,6,Taylor Hall,76,39,54,93,34,14,19.12,13,7,37,0.513,0.711,1.224,278,72,44,2017,0.14
395,195,Taylor Hall,33,11,26,37,16,-6,19.68,1,3,12,0.333,0.788,1.121,113,22,29,2018,0.097
396,36,Teuvo Teräväinen,82,21,55,76,12,30,17.92,8,1,24,0.256,0.671,0.927,167,35,23,2018,0.126
397,57,Teuvo Teräväinen,82,23,41,64,14,8,16.88,5,3,20,0.28,0.5,0.78,185,26,22,2017,0.124
398,85,Thomas Vanek,80,24,32,56,36,-3,14.08,4,1,15,0.3,0.4,0.7,168,36,18,2017,0.143
399,201,Thomas Vanek,64,16,20,36,26,-12,14.1,4,1,11,0.25,0.313,0.563,108,38,13,2018,0.148
400,60,Timo Meier,78,30,36,66,55,9,16.97,6,2,10,0.385,0.462,0.846,250,99,40,2018,0.12
401,202,Timo Meier,81,21,15,36,51,2,14.85,3,4,4,0.259,0.185,0.444,210,105,48,2017,0.1
402,211,Tom Wilson,78,14,21,35,187,10,15.98,0,1,1,0.179,0.269,0.449,123,250,51,2017,0.114
403,167,Tom Wilson,63,22,18,40,128,11,18.13,3,2,5,0.349,0.286,0.635,130,200,52,2018,0.169
404,38,Tomas Hertl,77,35,39,74,18,5,19.02,11,5,15,0.455,0.506,0.961,176,53,64,2018,0.199
405,139,Tomas Hertl,79,22,24,46,41,-2,18.1,6,5,12,0.278,0.304,0.582,175,84,71,2017,0.126
406,220,Tomas Tatar,82,20,14,34,34,-19,16.25,9,4,13,0.244,0.171,0.415,174,67,29,2017,0.115
407,77,Tomas Tatar,80,25,33,58,34,21,16.4,4,4,8,0.313,0.413,0.725,195,77,30,2018,0.128
408,101,Torey Krug,64,6,47,53,33,-2,21.3,2,2,30,0.094,0.734,0.828,151,53,60,2018,0.04
409,80,Torey Krug,76,14,45,59,36,0,20.4,5,4,24,0.184,0.592,0.776,197,79,73,2017,0.071
410,113,Travis Konecny,82,24,25,49,40,-4,15.25,4,3,8,0.293,0.305,0.598,182,65,45,2018,0.132
411,132,Travis Konecny,81,24,23,47,46,17,14.9,1,6,3,0.296,0.284,0.58,177,97,53,2017,0.136
412,183,Tyler Bozak,72,13,25,38,20,-3,16.33,2,3,8,0.181,0.347,0.528,141,52,33,2018,0.092
413,162,Tyler Bozak,81,11,32,43,28,6,15.63,3,2,13,0.136,0.395,0.531,154,43,28,2017,0.071
414,116,Tyler Johnson,81,21,29,50,24,3,16.98,4,3,13,0.259,0.358,0.617,186,48,47,2017,0.113
415,121,Tyler Johnson,80,29,18,47,28,15,15.93,1,4,8,0.363,0.225,0.588,163,50,32,2018,0.178
416,254,Tyler Myers,80,9,22,31,63,11,20.33,0,3,7,0.113,0.275,0.388,156,97,99,2018,0.058
417,204,Tyler Myers,82,6,30,36,48,9,21.42,3,3,17,0.073,0.366,0.439,150,68,119,2017,0.04
418,28,Tyler Seguin,82,33,47,80,18,17,20.73,9,8,27,0.402,0.573,0.976,334,74,47,2018,0.099
419,24,Tyler Seguin,82,40,38,78,43,12,20.9,14,6,25,0.488,0.463,0.951,335,74,44,2017,0.119
420,220,Tyler Toffoli,82,13,21,34,23,-16,17.2,3,3,5,0.159,0.256,0.415,226,39,23,2018,0.058
421,133,Tyler Toffoli,82,24,23,47,16,9,16.1,6,6,12,0.293,0.28,0.573,250,75,17,2017,0.096
422,84,Tyson Barrie,68,14,43,57,22,-15,22.68,7,3,30,0.206,0.632,0.838,178,40,79,2017,0.079
423,76,Tyson Barrie,78,14,45,59,36,-3,21.77,2,2,25,0.179,0.577,0.756,218,48,93,2018,0.064
424,244,Valtteri Filppula,72,17,14,31,16,19,14.27,0,4,0,0.236,0.194,0.431,78,12,34,2018,0.218
425,236,Valtteri Filppula,81,11,22,33,20,-7,16.47,3,4,4,0.136,0.272,0.407,70,25,55,2017,0.157
426,93,Victor Hedman,70,12,42,54,44,24,22.77,2,4,25,0.171,0.6,0.771,182,59,97,2018,0.066
427,60,Victor Hedman,77,17,46,63,54,32,25.83,2,1,26,0.221,0.597,0.818,216,139,110,2017,0.079
428,115,Viktor Arvidsson,58,34,14,48,26,12,19.13,3,7,4,0.586,0.241,0.828,195,18,23,2018,0.174
429,67,Viktor Arvidsson,78,29,32,61,36,20,17.73,3,6,8,0.372,0.41,0.782,247,30,52,2017,0.117
430,224,Vincent Trocheck,55,10,24,34,54,-9,19.65,3,1,13,0.182,0.436,0.618,158,112,42,2018,0.063
431,29,Vincent Trocheck,82,31,44,75,54,-9,21.35,13,5,27,0.378,0.537,0.915,287,145,55,2017,0.108
432,58,Vladimir Tarasenko,76,33,35,68,22,8,18.38,12,5,22,0.434,0.461,0.895,275,88,40,2018,0.12
433,44,Vladimir Tarasenko,80,33,33,66,17,15,19.05,6,5,16,0.413,0.413,0.825,306,89,37,2017,0.108
434,249,Vladislav Namestnikov,78,11,20,31,44,-7,15.78,1,3,3,0.141,0.256,0.397,119,140,62,2018,0.092
435,127,Vladislav Namestnikov,81,22,26,48,45,6,17.05,9,2,16,0.272,0.321,0.593,155,79,44,2017,0.142
436,258,Wayne Simmonds,79,17,13,30,99,-16,15.65,5,2,8,0.215,0.165,0.38,157,137,28,2018,0.108
437,138,Wayne Simmonds,75,24,22,46,57,-16,18.08,11,5,17,0.32,0.293,0.613,176,129,54,2017,0.136
438,156,Will Butcher,81,5,39,44,8,1,16.05,3,1,23,0.062,0.481,0.543,88,21,62,2017,0.057
439,266,Will Butcher,78,4,26,30,18,-17,19.27,1,1,14,0.051,0.333,0.385,108,38,74,2018,0.037
440,82,William Karlsson,82,24,32,56,16,1,18.83,7,5,14,0.293,0.39,0.683,169,51,55,2018,0.142
441,23,William Karlsson,82,43,35,78,12,49,18.72,8,6,16,0.524,0.427,0.951,184,48,45,2017,0.234
442,299,William Nylander,54,7,20,27,16,-4,15.5,1,0,6,0.13,0.37,0.5,130,16,14,2018,0.054
443,70,William Nylander,82,20,41,61,10,20,16.68,5,8,12,0.244,0.5,0.744,184,21,18,2017,0.109
444,118,Yanni Gourde,80,22,26,48,66,9,15.83,5,5,9,0.275,0.325,0.6,130,83,30,2018,0.169
445,56,Yanni Gourde,82,25,39,64,50,34,16.15,7,5,13,0.305,0.476,0.78,136,57,42,2017,0.184
446,160,Zach Hyman,71,21,20,41,65,16,17.27,0,4,0,0.296,0.282,0.577,144,102,39,2018,0.146
447,178,Zach Hyman,82,15,25,40,37,22,17.35,0,2,0,0.183,0.305,0.488,148,117,55,2017,0.101
448,192,Zachary Werenski,77,16,21,37,16,8,22.57,3,3,10,0.208,0.273,0.481,207,58,92,2017,0.077
449,145,Zachary Werenski,82,11,33,44,18,-12,22.88,2,1,15,0.134,0.402,0.537,168,67,89,2018,0.066
