Name,Rk_2017,GP_2017,G_2017,A_2017,P_2017,PIM_2017,+/-_2017,TOI_2017,PPG_2017,GWG_2017,PPP_2017,G/GP_2017,A/GP_2017,P/GP_2017,SHOTS_2017,SH%_2017,HITS_2017,BS_2017,Rk_2018,GP_2018,G_2018,A_2018,P_2018,PIM_2018,+/-_2018,TOI_2018,PPG_2018,GWG_2018,PPP_2018,G/GP_2018,A/GP_2018,P/GP_2018,SHOTS_2018,SH%_2018,HITS_2018,BS_2018
Aaron Ekblad,185.0,82.0,16.0,22.0,38.0,71.0,9.0,1402.0,5.0,4.0,11.0,0.195,0.268,0.46299999999999997,189.0,8.5,69.0,121.0,193.0,82.0,13.0,24.0,37.0,47.0,1.0,1418.0,5.0,1.0,10.0,0.159,0.293,0.451,180.0,7.2,114.0,88.0
Adam Henrique,115.0,81.0,24.0,26.0,50.0,20.0,11.0,1066.0,6.0,8.0,13.0,0.29600000000000004,0.321,0.617,151.0,15.9,61.0,61.0,155.0,82.0,18.0,24.0,42.0,24.0,-5.0,987.0,8.0,3.0,13.0,0.22,0.293,0.512,122.0,14.8,78.0,71.0
Adrian Kempe,193.0,81.0,16.0,21.0,37.0,49.0,11.0,799.0,1.0,3.0,5.0,0.198,0.259,0.457,119.0,13.5,91.0,18.0,280.0,81.0,12.0,16.0,28.0,50.0,-10.0,870.0,0.0,2.0,4.0,0.14800000000000002,0.198,0.34600000000000003,118.0,10.2,86.0,21.0
Aleksander Barkov,25.0,79.0,27.0,51.0,78.0,14.0,9.0,1324.0,5.0,3.0,17.0,0.342,0.6459999999999999,0.987,256.0,10.6,30.0,67.0,10.0,82.0,35.0,61.0,96.0,8.0,-3.0,1341.0,13.0,5.0,31.0,0.42700000000000005,0.7440000000000001,1.171,206.0,17.0,28.0,61.0
Alex DeBrincat,102.0,82.0,28.0,24.0,52.0,6.0,6.0,888.0,6.0,1.0,12.0,0.341,0.293,0.634,181.0,15.5,40.0,25.0,33.0,82.0,41.0,35.0,76.0,15.0,0.0,1062.0,13.0,3.0,24.0,0.5,0.42700000000000005,0.927,220.0,18.6,35.0,26.0
Alex Galchenyuk,109.0,82.0,19.0,32.0,51.0,22.0,-31.0,974.0,9.0,2.0,24.0,0.23199999999999998,0.39,0.622,213.0,8.9,33.0,37.0,161.0,72.0,19.0,22.0,41.0,34.0,-19.0,943.0,9.0,4.0,21.0,0.264,0.306,0.569,159.0,12.0,62.0,34.0
Alex Goligoski,214.0,78.0,12.0,23.0,35.0,26.0,-31.0,1396.0,3.0,3.0,11.0,0.154,0.295,0.449,119.0,10.1,114.0,154.0,303.0,76.0,3.0,24.0,27.0,16.0,-7.0,1249.0,1.0,0.0,7.0,0.039,0.316,0.355,102.0,2.9,79.0,154.0
Alex Killorn,136.0,82.0,15.0,32.0,47.0,45.0,22.0,990.0,2.0,1.0,9.0,0.183,0.39,0.573,156.0,9.6,82.0,25.0,169.0,82.0,18.0,22.0,40.0,45.0,22.0,892.0,2.0,2.0,5.0,0.22,0.268,0.488,153.0,11.8,88.0,23.0
Alex Pietrangelo,97.0,78.0,15.0,39.0,54.0,22.0,8.0,1544.0,3.0,5.0,13.0,0.192,0.5,0.6920000000000001,216.0,6.9,48.0,164.0,164.0,71.0,13.0,28.0,41.0,22.0,2.0,1444.0,3.0,2.0,15.0,0.183,0.39399999999999996,0.5770000000000001,168.0,7.7,62.0,139.0
Alex Tuch,195.0,78.0,15.0,22.0,37.0,27.0,3.0,913.0,4.0,4.0,10.0,0.192,0.282,0.474,171.0,8.8,99.0,42.0,105.0,74.0,20.0,32.0,52.0,8.0,13.0,1003.0,3.0,6.0,6.0,0.27,0.43200000000000005,0.703,180.0,11.1,92.0,40.0
Alexander Edler,227.0,70.0,6.0,28.0,34.0,68.0,-18.0,1458.0,1.0,2.0,15.0,0.086,0.4,0.486,172.0,3.5,157.0,203.0,225.0,56.0,10.0,24.0,34.0,54.0,3.0,1474.0,4.0,2.0,17.0,0.179,0.429,0.607,128.0,7.8,127.0,166.0
Alexander Kerfoot,157.0,79.0,19.0,24.0,43.0,28.0,-7.0,805.0,5.0,0.0,17.0,0.24100000000000002,0.304,0.544,81.0,23.5,42.0,35.0,157.0,78.0,15.0,27.0,42.0,38.0,-9.0,892.0,4.0,1.0,16.0,0.192,0.34600000000000003,0.5379999999999999,116.0,12.9,22.0,29.0
Alexander Ovechkin,11.0,82.0,49.0,38.0,87.0,32.0,3.0,1208.0,17.0,7.0,31.0,0.598,0.46299999999999997,1.061,355.0,13.8,139.0,21.0,15.0,81.0,51.0,38.0,89.0,40.0,7.0,1255.0,18.0,5.0,28.0,0.63,0.469,1.099,338.0,15.1,223.0,41.0
Alexander Radulov,31.0,82.0,27.0,45.0,72.0,72.0,4.0,1207.0,7.0,4.0,23.0,0.32899999999999996,0.5489999999999999,0.878,217.0,12.4,77.0,64.0,46.0,70.0,29.0,43.0,72.0,54.0,22.0,1186.0,7.0,7.0,23.0,0.414,0.614,1.0290000000000001,209.0,13.9,60.0,83.0
Alexander Steen,142.0,76.0,15.0,31.0,46.0,20.0,-11.0,1122.0,4.0,2.0,14.0,0.19699999999999998,0.408,0.605,168.0,8.9,53.0,58.0,296.0,65.0,10.0,17.0,27.0,14.0,2.0,950.0,2.0,0.0,5.0,0.154,0.262,0.415,114.0,8.8,55.0,50.0
Alexander Wennberg,217.0,66.0,8.0,27.0,35.0,12.0,22.0,1087.0,3.0,2.0,5.0,0.121,0.409,0.53,74.0,10.8,28.0,46.0,337.0,75.0,2.0,23.0,25.0,12.0,-1.0,904.0,1.0,0.0,6.0,0.027000000000000003,0.307,0.33299999999999996,64.0,3.1,34.0,32.0
Anders Lee,62.0,82.0,40.0,22.0,62.0,44.0,-25.0,1036.0,14.0,2.0,22.0,0.488,0.268,0.7559999999999999,208.0,19.2,102.0,38.0,106.0,82.0,28.0,23.0,51.0,58.0,20.0,1025.0,10.0,5.0,16.0,0.341,0.28,0.622,204.0,13.7,103.0,51.0
Andreas Athanasiou,229.0,71.0,16.0,17.0,33.0,16.0,-15.0,918.0,1.0,2.0,3.0,0.225,0.239,0.465,170.0,9.4,24.0,28.0,89.0,76.0,30.0,24.0,54.0,38.0,-9.0,1018.0,3.0,4.0,11.0,0.395,0.316,0.711,216.0,13.9,33.0,26.0
Anthony Beauvillier,201.0,71.0,21.0,15.0,36.0,16.0,2.0,872.0,3.0,2.0,8.0,0.29600000000000004,0.21100000000000002,0.507,132.0,15.9,80.0,29.0,279.0,81.0,18.0,10.0,28.0,8.0,1.0,878.0,1.0,4.0,2.0,0.222,0.12300000000000001,0.34600000000000003,156.0,11.5,87.0,35.0
Anthony Mantha,125.0,80.0,24.0,24.0,48.0,52.0,-1.0,1037.0,9.0,2.0,12.0,0.3,0.3,0.6,190.0,12.6,91.0,36.0,117.0,67.0,25.0,23.0,48.0,30.0,-8.0,1069.0,7.0,1.0,13.0,0.373,0.34299999999999997,0.716,198.0,12.6,67.0,23.0
Anze Kopitar,7.0,82.0,35.0,57.0,92.0,20.0,21.0,1325.0,7.0,6.0,27.0,0.42700000000000005,0.695,1.122,200.0,17.5,50.0,64.0,72.0,81.0,22.0,38.0,60.0,30.0,-20.0,1338.0,1.0,3.0,19.0,0.272,0.469,0.741,156.0,14.1,59.0,66.0
Artemi Panarin,20.0,81.0,27.0,55.0,82.0,26.0,23.0,1207.0,7.0,5.0,21.0,0.33299999999999996,0.679,1.012,228.0,11.8,15.0,19.0,18.0,79.0,28.0,59.0,87.0,23.0,14.0,1191.0,6.0,8.0,18.0,0.354,0.747,1.101,191.0,14.7,14.0,17.0
Auston Matthews,58.0,62.0,34.0,29.0,63.0,12.0,25.0,1087.0,5.0,5.0,13.0,0.5479999999999999,0.46799999999999997,1.016,187.0,18.2,16.0,61.0,42.0,68.0,37.0,36.0,73.0,12.0,-9.0,1113.0,12.0,5.0,20.0,0.544,0.529,1.074,251.0,14.7,28.0,60.0
Blake Wheeler,9.0,81.0,23.0,68.0,91.0,52.0,13.0,1214.0,6.0,2.0,40.0,0.284,0.84,1.123,246.0,9.4,94.0,66.0,14.0,82.0,20.0,71.0,91.0,60.0,0.0,1242.0,2.0,3.0,33.0,0.244,0.866,1.11,231.0,8.7,81.0,53.0
Bo Horvat,151.0,64.0,22.0,22.0,44.0,10.0,-1.0,1161.0,10.0,3.0,13.0,0.344,0.344,0.688,158.0,13.9,35.0,29.0,70.0,82.0,27.0,34.0,61.0,33.0,-4.0,1250.0,7.0,3.0,18.0,0.32899999999999996,0.415,0.7440000000000001,227.0,11.9,62.0,63.0
Bobby Ryan,235.0,62.0,11.0,22.0,33.0,14.0,-12.0,986.0,1.0,1.0,4.0,0.177,0.355,0.532,112.0,9.8,97.0,52.0,156.0,78.0,15.0,27.0,42.0,35.0,-29.0,940.0,7.0,1.0,16.0,0.192,0.34600000000000003,0.5379999999999999,160.0,9.4,77.0,49.0
Boone Jenner,243.0,75.0,13.0,19.0,32.0,39.0,1.0,987.0,2.0,2.0,3.0,0.17300000000000001,0.253,0.42700000000000005,187.0,7.0,205.0,83.0,182.0,77.0,16.0,22.0,38.0,42.0,6.0,1023.0,1.0,3.0,3.0,0.20800000000000002,0.28600000000000003,0.494,170.0,9.4,158.0,70.0
Brad Marchand,13.0,68.0,34.0,51.0,85.0,63.0,25.0,1182.0,8.0,8.0,23.0,0.5,0.75,1.25,182.0,18.7,37.0,25.0,5.0,79.0,36.0,64.0,100.0,96.0,15.0,1177.0,10.0,9.0,34.0,0.456,0.81,1.266,231.0,15.6,46.0,19.0
Brandon Montour,250.0,80.0,9.0,23.0,32.0,42.0,16.0,1228.0,5.0,5.0,12.0,0.113,0.28800000000000003,0.4,160.0,5.6,96.0,83.0,215.0,82.0,8.0,27.0,35.0,56.0,-20.0,1346.0,1.0,2.0,6.0,0.098,0.32899999999999996,0.42700000000000005,181.0,4.4,99.0,121.0
Brandon Saad,208.0,82.0,18.0,17.0,35.0,14.0,-10.0,1050.0,1.0,8.0,1.0,0.22,0.207,0.42700000000000005,237.0,7.6,29.0,32.0,124.0,80.0,23.0,24.0,47.0,12.0,-9.0,1061.0,5.0,3.0,6.0,0.28800000000000003,0.3,0.588,195.0,11.8,52.0,25.0
Brayden Point,45.0,82.0,32.0,34.0,66.0,24.0,18.0,1178.0,5.0,12.0,11.0,0.39,0.415,0.805,217.0,14.8,26.0,57.0,12.0,79.0,41.0,51.0,92.0,28.0,27.0,1135.0,20.0,7.0,35.0,0.519,0.6459999999999999,1.165,191.0,21.5,31.0,43.0
Brayden Schenn,35.0,82.0,28.0,42.0,70.0,56.0,10.0,1183.0,8.0,8.0,19.0,0.341,0.512,0.8540000000000001,210.0,13.3,154.0,37.0,91.0,72.0,17.0,37.0,54.0,40.0,3.0,1115.0,4.0,5.0,12.0,0.23600000000000002,0.514,0.75,159.0,10.7,111.0,31.0
Brendan Gallagher,95.0,82.0,31.0,23.0,54.0,34.0,-13.0,970.0,8.0,4.0,17.0,0.37799999999999995,0.28,0.659,278.0,11.2,90.0,41.0,102.0,82.0,33.0,19.0,52.0,49.0,10.0,983.0,4.0,4.0,7.0,0.402,0.23199999999999998,0.634,302.0,10.9,126.0,31.0
Brent Burns,42.0,82.0,12.0,55.0,67.0,46.0,-16.0,1514.0,5.0,2.0,27.0,0.146,0.6709999999999999,0.8170000000000001,332.0,3.6,79.0,136.0,22.0,82.0,16.0,67.0,83.0,34.0,13.0,1505.0,7.0,6.0,28.0,0.195,0.8170000000000001,1.012,300.0,5.3,90.0,105.0
Brock Boeser,91.0,62.0,29.0,26.0,55.0,16.0,-5.0,1049.0,10.0,4.0,23.0,0.46799999999999997,0.419,0.887,179.0,16.2,29.0,24.0,80.0,69.0,26.0,30.0,56.0,22.0,-2.0,1149.0,6.0,3.0,15.0,0.377,0.435,0.812,209.0,12.4,14.0,22.0
Brock Nelson,207.0,82.0,19.0,16.0,35.0,43.0,-4.0,884.0,4.0,3.0,8.0,0.23199999999999998,0.195,0.42700000000000005,138.0,13.8,50.0,52.0,95.0,82.0,25.0,28.0,53.0,28.0,20.0,1078.0,2.0,3.0,8.0,0.305,0.341,0.6459999999999999,181.0,13.8,51.0,55.0
Bryan Little,160.0,82.0,16.0,27.0,43.0,28.0,2.0,1016.0,2.0,2.0,12.0,0.195,0.32899999999999996,0.524,129.0,12.4,50.0,33.0,162.0,82.0,15.0,26.0,41.0,26.0,-12.0,949.0,4.0,5.0,7.0,0.183,0.317,0.5,126.0,11.9,62.0,29.0
Bryan Rust,187.0,69.0,13.0,25.0,38.0,26.0,11.0,962.0,2.0,3.0,4.0,0.188,0.36200000000000004,0.551,123.0,10.6,97.0,40.0,206.0,72.0,18.0,17.0,35.0,24.0,10.0,954.0,0.0,4.0,0.0,0.25,0.23600000000000002,0.486,141.0,12.8,119.0,59.0
Calle Järnkrok,209.0,68.0,16.0,19.0,35.0,12.0,20.0,953.0,1.0,3.0,4.0,0.235,0.27899999999999997,0.515,105.0,15.2,36.0,31.0,312.0,79.0,10.0,16.0,26.0,12.0,13.0,925.0,1.0,1.0,2.0,0.127,0.203,0.32899999999999996,106.0,9.4,56.0,22.0
Cam Atkinson,137.0,65.0,24.0,22.0,46.0,14.0,19.0,1135.0,3.0,5.0,10.0,0.369,0.33799999999999997,0.708,231.0,10.4,32.0,29.0,56.0,80.0,41.0,28.0,69.0,20.0,3.0,1162.0,8.0,8.0,14.0,0.513,0.35,0.863,295.0,13.9,27.0,25.0
Carl Söderberg,191.0,77.0,16.0,21.0,37.0,26.0,1.0,1041.0,3.0,3.0,5.0,0.20800000000000002,0.273,0.48100000000000004,150.0,10.7,71.0,64.0,114.0,82.0,23.0,26.0,49.0,26.0,-5.0,1046.0,2.0,2.0,10.0,0.28,0.317,0.598,188.0,12.2,99.0,67.0
Charlie Coyle,197.0,66.0,11.0,26.0,37.0,18.0,8.0,991.0,0.0,1.0,3.0,0.16699999999999998,0.39399999999999996,0.561,117.0,9.4,76.0,63.0,221.0,81.0,12.0,22.0,34.0,20.0,-1.0,1006.0,1.0,2.0,4.0,0.14800000000000002,0.272,0.42,155.0,7.7,77.0,56.0
Chris Kreider,190.0,58.0,16.0,21.0,37.0,44.0,-2.0,936.0,7.0,0.0,12.0,0.276,0.36200000000000004,0.638,137.0,11.7,103.0,24.0,103.0,79.0,28.0,24.0,52.0,57.0,4.0,1044.0,7.0,2.0,12.0,0.354,0.304,0.6579999999999999,201.0,13.9,159.0,49.0
Chris Tierney,176.0,82.0,17.0,23.0,40.0,8.0,0.0,959.0,3.0,2.0,7.0,0.207,0.28,0.488,118.0,14.4,26.0,45.0,120.0,81.0,9.0,39.0,48.0,26.0,-22.0,1021.0,0.0,1.0,10.0,0.111,0.48100000000000004,0.593,116.0,7.8,30.0,54.0
Claude Giroux,2.0,82.0,34.0,68.0,102.0,20.0,28.0,1221.0,9.0,1.0,36.0,0.415,0.8290000000000001,1.244,193.0,17.6,30.0,23.0,19.0,82.0,22.0,63.0,85.0,24.0,9.0,1287.0,2.0,4.0,23.0,0.268,0.768,1.037,229.0,9.6,28.0,19.0
Clayton Keller,50.0,82.0,23.0,42.0,65.0,24.0,-7.0,1085.0,6.0,3.0,20.0,0.28,0.512,0.7929999999999999,212.0,10.9,7.0,28.0,129.0,82.0,14.0,33.0,47.0,24.0,-21.0,1094.0,1.0,5.0,19.0,0.171,0.402,0.573,200.0,7.0,16.0,21.0
Colin Miller,172.0,82.0,10.0,31.0,41.0,53.0,-4.0,1160.0,5.0,2.0,17.0,0.122,0.37799999999999995,0.5,177.0,5.7,165.0,64.0,276.0,65.0,3.0,26.0,29.0,44.0,0.0,1178.0,1.0,0.0,13.0,0.046,0.4,0.446,131.0,2.3,122.0,64.0
Colton Parayko,218.0,82.0,6.0,29.0,35.0,13.0,-7.0,1356.0,2.0,0.0,9.0,0.073,0.354,0.42700000000000005,212.0,2.8,120.0,141.0,283.0,80.0,10.0,18.0,28.0,15.0,20.0,1367.0,4.0,3.0,8.0,0.125,0.225,0.35,176.0,5.7,127.0,157.0
Connor McDavid,1.0,82.0,41.0,67.0,108.0,26.0,20.0,1292.0,5.0,7.0,20.0,0.5,0.8170000000000001,1.317,274.0,15.0,28.0,46.0,2.0,78.0,41.0,75.0,116.0,20.0,3.0,1370.0,9.0,9.0,33.0,0.526,0.9620000000000001,1.4869999999999999,240.0,17.1,39.0,30.0
Craig Smith,108.0,79.0,25.0,26.0,51.0,24.0,20.0,922.0,9.0,2.0,14.0,0.316,0.32899999999999996,0.6459999999999999,229.0,10.9,60.0,35.0,181.0,76.0,21.0,17.0,38.0,20.0,11.0,907.0,4.0,2.0,8.0,0.276,0.22399999999999998,0.5,205.0,10.2,77.0,33.0
Danton Heinen,135.0,77.0,16.0,31.0,47.0,16.0,10.0,901.0,2.0,4.0,12.0,0.20800000000000002,0.40299999999999997,0.61,135.0,11.9,45.0,33.0,222.0,77.0,11.0,23.0,34.0,16.0,13.0,838.0,1.0,2.0,7.0,0.14300000000000002,0.299,0.442,114.0,9.7,54.0,36.0
David Krejcí,152.0,64.0,17.0,27.0,44.0,18.0,10.0,1012.0,7.0,2.0,13.0,0.266,0.42200000000000004,0.688,119.0,14.3,31.0,35.0,45.0,81.0,20.0,53.0,73.0,16.0,7.0,1060.0,6.0,4.0,16.0,0.247,0.654,0.9009999999999999,139.0,14.4,28.0,24.0
David Pastrnak,21.0,82.0,35.0,45.0,80.0,37.0,10.0,1079.0,13.0,5.0,26.0,0.42700000000000005,0.5489999999999999,0.976,246.0,14.2,55.0,31.0,26.0,66.0,38.0,43.0,81.0,32.0,6.0,1125.0,17.0,4.0,33.0,0.5760000000000001,0.652,1.227,235.0,16.2,57.0,25.0
David Perron,47.0,70.0,16.0,50.0,66.0,50.0,1.0,1067.0,1.0,4.0,18.0,0.22899999999999998,0.7140000000000001,0.943,125.0,12.8,118.0,20.0,132.0,57.0,23.0,23.0,46.0,46.0,3.0,1025.0,7.0,1.0,14.0,0.40399999999999997,0.40399999999999997,0.807,112.0,20.5,52.0,13.0
Derek Ryan,186.0,80.0,15.0,23.0,38.0,28.0,-15.0,936.0,3.0,1.0,7.0,0.188,0.28800000000000003,0.475,135.0,11.1,52.0,27.0,184.0,81.0,13.0,25.0,38.0,24.0,21.0,828.0,2.0,1.0,7.0,0.16,0.309,0.469,103.0,12.6,19.0,19.0
Derek Stepan,87.0,82.0,14.0,42.0,56.0,26.0,-7.0,1155.0,3.0,2.0,18.0,0.171,0.512,0.6829999999999999,209.0,6.7,52.0,54.0,210.0,72.0,15.0,20.0,35.0,14.0,-2.0,1153.0,1.0,3.0,3.0,0.20800000000000002,0.278,0.486,195.0,7.7,50.0,51.0
Derick Brassard,140.0,72.0,21.0,25.0,46.0,34.0,0.0,1063.0,5.0,3.0,6.0,0.292,0.34700000000000003,0.639,197.0,10.7,96.0,25.0,347.0,70.0,14.0,9.0,23.0,39.0,-19.0,899.0,2.0,0.0,5.0,0.2,0.129,0.32899999999999996,110.0,12.7,102.0,15.0
Devin Shore,246.0,82.0,11.0,21.0,32.0,14.0,-30.0,925.0,2.0,1.0,11.0,0.134,0.256,0.39,123.0,8.9,71.0,57.0,271.0,76.0,10.0,19.0,29.0,13.0,-12.0,855.0,2.0,4.0,5.0,0.132,0.25,0.382,82.0,12.2,94.0,64.0
Dougie Hamilton,153.0,82.0,17.0,27.0,44.0,64.0,1.0,1290.0,6.0,4.0,12.0,0.207,0.32899999999999996,0.537,270.0,6.3,83.0,80.0,175.0,82.0,18.0,21.0,39.0,54.0,0.0,1180.0,2.0,2.0,7.0,0.22,0.256,0.47600000000000003,259.0,7.0,160.0,91.0
Drew Doughty,75.0,82.0,10.0,50.0,60.0,54.0,23.0,1609.0,3.0,4.0,20.0,0.122,0.61,0.732,205.0,4.9,127.0,128.0,140.0,82.0,8.0,37.0,45.0,44.0,-34.0,1595.0,7.0,1.0,24.0,0.098,0.451,0.5489999999999999,154.0,5.2,168.0,120.0
Dustin Brown,68.0,81.0,28.0,33.0,61.0,58.0,31.0,1190.0,9.0,6.0,15.0,0.34600000000000003,0.40700000000000003,0.753,222.0,12.6,189.0,33.0,107.0,72.0,22.0,29.0,51.0,24.0,-17.0,1224.0,9.0,3.0,12.0,0.306,0.40299999999999997,0.708,180.0,12.2,150.0,29.0
Dustin Byfuglien,147.0,69.0,8.0,37.0,45.0,112.0,15.0,1460.0,4.0,1.0,22.0,0.11599999999999999,0.536,0.652,193.0,4.2,147.0,100.0,257.0,42.0,4.0,27.0,31.0,69.0,4.0,1461.0,1.0,1.0,16.0,0.095,0.643,0.738,115.0,3.5,77.0,51.0
Dylan Larkin,61.0,82.0,16.0,47.0,63.0,61.0,-9.0,1190.0,1.0,4.0,8.0,0.195,0.573,0.768,232.0,6.9,76.0,42.0,44.0,76.0,32.0,41.0,73.0,75.0,-6.0,1310.0,7.0,4.0,15.0,0.42100000000000004,0.539,0.961,287.0,11.2,80.0,38.0
Elias Lindholm,154.0,81.0,16.0,28.0,44.0,18.0,-8.0,1072.0,6.0,4.0,9.0,0.198,0.34600000000000003,0.5429999999999999,153.0,10.5,98.0,41.0,30.0,81.0,27.0,51.0,78.0,20.0,30.0,1202.0,9.0,5.0,26.0,0.33299999999999996,0.63,0.963,182.0,14.8,82.0,39.0
Eric Staal,26.0,82.0,42.0,34.0,76.0,42.0,8.0,1068.0,11.0,4.0,17.0,0.512,0.415,0.927,241.0,17.4,42.0,49.0,104.0,81.0,22.0,30.0,52.0,34.0,-7.0,1087.0,7.0,6.0,15.0,0.272,0.37,0.642,215.0,10.2,41.0,28.0
Erik Karlsson,65.0,71.0,9.0,53.0,62.0,36.0,-25.0,1602.0,3.0,2.0,18.0,0.127,0.746,0.873,196.0,4.6,58.0,120.0,141.0,53.0,3.0,42.0,45.0,22.0,6.0,1469.0,2.0,1.0,20.0,0.057,0.792,0.8490000000000001,169.0,1.8,44.0,69.0
Evander Kane,96.0,78.0,29.0,25.0,54.0,82.0,-9.0,1174.0,3.0,2.0,9.0,0.37200000000000005,0.321,0.6920000000000001,307.0,9.5,159.0,34.0,79.0,75.0,30.0,26.0,56.0,153.0,-4.0,1104.0,5.0,1.0,11.0,0.4,0.34700000000000003,0.747,268.0,11.2,173.0,25.0
Evgeni Malkin,4.0,78.0,42.0,56.0,98.0,87.0,16.0,1139.0,14.0,7.0,38.0,0.5379999999999999,0.718,1.256,239.0,17.6,48.0,32.0,48.0,68.0,21.0,51.0,72.0,89.0,-25.0,1128.0,9.0,5.0,26.0,0.309,0.75,1.0590000000000002,187.0,11.2,54.0,33.0
Evgeny Dadonov,49.0,74.0,28.0,37.0,65.0,8.0,10.0,1121.0,6.0,6.0,13.0,0.37799999999999995,0.5,0.878,188.0,14.9,27.0,33.0,53.0,82.0,28.0,42.0,70.0,8.0,-6.0,1102.0,8.0,4.0,17.0,0.341,0.512,0.8540000000000001,195.0,14.4,33.0,42.0
Evgeny Kuznetsov,19.0,79.0,27.0,56.0,83.0,48.0,3.0,1128.0,7.0,8.0,30.0,0.342,0.7090000000000001,1.051,187.0,14.4,50.0,26.0,49.0,76.0,21.0,51.0,72.0,50.0,7.0,1127.0,8.0,3.0,23.0,0.276,0.6709999999999999,0.9470000000000001,193.0,10.9,46.0,20.0
Filip Forsberg,54.0,67.0,26.0,38.0,64.0,38.0,27.0,1048.0,13.0,6.0,21.0,0.38799999999999996,0.5670000000000001,0.955,179.0,14.5,86.0,37.0,110.0,64.0,28.0,22.0,50.0,26.0,8.0,1116.0,7.0,4.0,10.0,0.43799999999999994,0.344,0.7809999999999999,217.0,12.9,100.0,29.0
Frans Nielsen,230.0,79.0,16.0,17.0,33.0,14.0,1.0,949.0,4.0,3.0,7.0,0.203,0.215,0.418,134.0,11.9,49.0,62.0,213.0,72.0,10.0,25.0,35.0,14.0,-7.0,1000.0,0.0,4.0,8.0,0.139,0.34700000000000003,0.486,120.0,8.3,79.0,44.0
Gabriel Landeskog,63.0,78.0,25.0,37.0,62.0,37.0,16.0,1208.0,8.0,1.0,17.0,0.321,0.474,0.795,183.0,13.7,149.0,51.0,37.0,73.0,34.0,41.0,75.0,51.0,17.0,1268.0,10.0,9.0,27.0,0.466,0.562,1.0270000000000001,243.0,14.0,120.0,64.0
Gustav Nyquist,174.0,82.0,21.0,19.0,40.0,20.0,-2.0,1070.0,3.0,2.0,8.0,0.256,0.23199999999999998,0.488,213.0,9.9,65.0,36.0,73.0,81.0,22.0,38.0,60.0,12.0,1.0,1051.0,2.0,3.0,12.0,0.272,0.469,0.741,204.0,10.8,36.0,23.0
Ivan Provorov,169.0,82.0,17.0,24.0,41.0,20.0,17.0,1448.0,2.0,2.0,5.0,0.207,0.293,0.5,203.0,8.4,148.0,169.0,315.0,82.0,7.0,19.0,26.0,32.0,-16.0,1506.0,0.0,1.0,2.0,0.085,0.23199999999999998,0.317,145.0,4.8,123.0,149.0
J.T. Miller,81.0,82.0,23.0,35.0,58.0,40.0,-4.0,1021.0,11.0,5.0,18.0,0.28,0.42700000000000005,0.7070000000000001,143.0,16.1,124.0,26.0,130.0,75.0,13.0,34.0,47.0,30.0,8.0,879.0,4.0,4.0,20.0,0.17300000000000001,0.45299999999999996,0.627,108.0,12.0,115.0,23.0
Jack Eichel,55.0,67.0,25.0,39.0,64.0,32.0,-25.0,1209.0,3.0,4.0,20.0,0.373,0.5820000000000001,0.955,246.0,10.2,52.0,35.0,24.0,77.0,28.0,54.0,82.0,26.0,-11.0,1226.0,8.0,2.0,26.0,0.364,0.701,1.065,303.0,9.2,70.0,51.0
Jaden Schwartz,78.0,62.0,24.0,35.0,59.0,26.0,15.0,1163.0,6.0,3.0,11.0,0.387,0.565,0.9520000000000001,157.0,15.3,52.0,30.0,203.0,69.0,11.0,25.0,36.0,16.0,-6.0,1087.0,2.0,1.0,5.0,0.159,0.36200000000000004,0.522,183.0,6.0,61.0,27.0
Jake DeBrusk,159.0,70.0,16.0,27.0,43.0,19.0,13.0,862.0,2.0,5.0,9.0,0.22899999999999998,0.386,0.614,143.0,11.2,70.0,26.0,153.0,68.0,27.0,15.0,42.0,18.0,2.0,969.0,8.0,4.0,11.0,0.397,0.221,0.618,156.0,17.3,45.0,24.0
Jake Gardiner,107.0,82.0,5.0,47.0,52.0,32.0,9.0,1351.0,1.0,0.0,15.0,0.061,0.573,0.634,133.0,3.8,51.0,103.0,267.0,62.0,3.0,27.0,30.0,26.0,19.0,1272.0,0.0,0.0,5.0,0.048,0.435,0.484,78.0,3.9,61.0,64.0
Jake Guentzel,128.0,82.0,22.0,26.0,48.0,42.0,-9.0,989.0,7.0,1.0,12.0,0.268,0.317,0.585,171.0,12.9,142.0,46.0,34.0,82.0,40.0,36.0,76.0,26.0,13.0,1161.0,6.0,4.0,11.0,0.488,0.439,0.927,227.0,17.6,105.0,47.0
Jake Muzzin,166.0,74.0,8.0,34.0,42.0,40.0,10.0,1299.0,4.0,1.0,14.0,0.10800000000000001,0.45899999999999996,0.568,154.0,5.2,170.0,123.0,197.0,80.0,9.0,28.0,37.0,47.0,21.0,1280.0,1.0,1.0,5.0,0.113,0.35,0.46299999999999997,141.0,6.4,172.0,134.0
Jakob Silfverberg,175.0,77.0,17.0,23.0,40.0,18.0,6.0,1077.0,2.0,2.0,8.0,0.221,0.299,0.519,187.0,9.1,52.0,61.0,148.0,73.0,24.0,19.0,43.0,28.0,-9.0,1025.0,3.0,4.0,11.0,0.32899999999999996,0.26,0.589,163.0,14.7,38.0,43.0
Jakub Vorácek,15.0,82.0,20.0,65.0,85.0,50.0,10.0,1167.0,5.0,3.0,35.0,0.244,0.7929999999999999,1.037,228.0,8.8,23.0,32.0,62.0,78.0,20.0,46.0,66.0,25.0,-16.0,1120.0,4.0,2.0,18.0,0.256,0.59,0.846,210.0,9.5,17.0,29.0
James van Riemsdyk,94.0,81.0,36.0,18.0,54.0,30.0,1.0,893.0,11.0,5.0,20.0,0.444,0.222,0.667,248.0,14.5,40.0,23.0,116.0,66.0,27.0,21.0,48.0,18.0,-10.0,996.0,8.0,4.0,13.0,0.409,0.318,0.727,167.0,16.2,34.0,16.0
Jamie Benn,22.0,82.0,36.0,43.0,79.0,54.0,20.0,1189.0,9.0,7.0,22.0,0.439,0.524,0.963,241.0,14.9,140.0,62.0,94.0,78.0,27.0,26.0,53.0,56.0,14.0,1093.0,8.0,2.0,11.0,0.34600000000000003,0.33299999999999996,0.679,189.0,14.3,142.0,71.0
Jared Spurgeon,198.0,61.0,9.0,28.0,37.0,8.0,-6.0,1472.0,3.0,2.0,13.0,0.14800000000000002,0.45899999999999996,0.607,110.0,8.2,64.0,127.0,151.0,82.0,14.0,29.0,43.0,20.0,-1.0,1448.0,4.0,0.0,11.0,0.171,0.354,0.524,152.0,9.2,91.0,145.0
Jason Pominville,222.0,82.0,16.0,18.0,34.0,8.0,-17.0,893.0,5.0,1.0,7.0,0.195,0.22,0.415,168.0,9.5,39.0,35.0,245.0,73.0,16.0,15.0,31.0,4.0,-4.0,747.0,1.0,3.0,2.0,0.21899999999999997,0.205,0.425,134.0,11.9,18.0,20.0
Jason Zucker,52.0,82.0,33.0,31.0,64.0,44.0,8.0,1017.0,7.0,7.0,16.0,0.402,0.37799999999999995,0.78,222.0,14.9,80.0,47.0,154.0,81.0,21.0,21.0,42.0,28.0,-9.0,1024.0,7.0,5.0,14.0,0.259,0.259,0.519,214.0,9.8,87.0,38.0
Jeff Petry,164.0,82.0,12.0,30.0,42.0,28.0,-30.0,1409.0,6.0,2.0,23.0,0.146,0.366,0.512,178.0,6.7,167.0,138.0,135.0,82.0,13.0,33.0,46.0,28.0,-5.0,1387.0,3.0,4.0,11.0,0.159,0.402,0.561,172.0,7.6,190.0,123.0
Jeff Skinner,121.0,82.0,24.0,25.0,49.0,34.0,-27.0,1002.0,4.0,2.0,9.0,0.293,0.305,0.598,277.0,8.7,35.0,24.0,66.0,82.0,40.0,23.0,63.0,36.0,0.0,1111.0,8.0,7.0,16.0,0.488,0.28,0.768,268.0,14.9,31.0,24.0
Jesper Bratt,212.0,74.0,13.0,22.0,35.0,18.0,-16.0,914.0,4.0,2.0,12.0,0.17600000000000002,0.297,0.473,100.0,13.0,44.0,22.0,237.0,51.0,8.0,25.0,33.0,6.0,-8.0,910.0,1.0,1.0,8.0,0.157,0.49,0.647,91.0,8.8,36.0,22.0
Joe Pavelski,46.0,82.0,22.0,44.0,66.0,41.0,0.0,1155.0,7.0,1.0,23.0,0.268,0.537,0.805,224.0,9.8,93.0,70.0,64.0,75.0,38.0,26.0,64.0,22.0,-4.0,1142.0,12.0,6.0,21.0,0.507,0.34700000000000003,0.853,188.0,20.2,69.0,61.0
Joe Thornton,203.0,47.0,13.0,23.0,36.0,38.0,-9.0,1101.0,7.0,1.0,18.0,0.27699999999999997,0.489,0.7659999999999999,75.0,17.3,32.0,18.0,108.0,73.0,16.0,35.0,51.0,20.0,8.0,932.0,3.0,4.0,15.0,0.21899999999999997,0.479,0.6990000000000001,90.0,17.8,17.0,14.0
John Carlson,40.0,82.0,15.0,53.0,68.0,32.0,0.0,1487.0,4.0,4.0,32.0,0.183,0.6459999999999999,0.8290000000000001,237.0,6.3,47.0,146.0,55.0,80.0,13.0,57.0,70.0,34.0,21.0,1503.0,3.0,1.0,33.0,0.163,0.713,0.875,185.0,7.0,54.0,164.0
John Klingberg,43.0,82.0,8.0,59.0,67.0,26.0,10.0,1444.0,1.0,3.0,23.0,0.098,0.72,0.8170000000000001,204.0,3.9,44.0,109.0,139.0,64.0,10.0,35.0,45.0,12.0,6.0,1471.0,5.0,5.0,20.0,0.156,0.547,0.703,153.0,6.5,42.0,77.0
John Tavares,16.0,82.0,37.0,47.0,84.0,26.0,-12.0,1195.0,12.0,3.0,30.0,0.451,0.573,1.024,257.0,14.4,30.0,34.0,16.0,82.0,47.0,41.0,88.0,34.0,19.0,1145.0,10.0,8.0,19.0,0.573,0.5,1.073,286.0,16.4,59.0,53.0
Johnny Gaudreau,18.0,80.0,24.0,60.0,84.0,26.0,2.0,1165.0,3.0,4.0,24.0,0.3,0.75,1.05,227.0,10.6,16.0,18.0,8.0,82.0,36.0,63.0,99.0,24.0,18.0,1204.0,6.0,8.0,27.0,0.439,0.768,1.207,245.0,14.7,12.0,12.0
Jonathan Drouin,143.0,77.0,13.0,33.0,46.0,30.0,-28.0,1057.0,4.0,4.0,22.0,0.16899999999999998,0.429,0.597,164.0,7.9,55.0,27.0,99.0,81.0,18.0,35.0,53.0,26.0,-8.0,1015.0,3.0,3.0,16.0,0.222,0.43200000000000005,0.654,190.0,9.5,55.0,23.0
Jonathan Huberdeau,38.0,82.0,27.0,42.0,69.0,32.0,-2.0,1152.0,7.0,4.0,19.0,0.32899999999999996,0.512,0.841,204.0,13.2,41.0,42.0,13.0,82.0,30.0,62.0,92.0,40.0,-14.0,1131.0,11.0,5.0,34.0,0.366,0.7559999999999999,1.122,226.0,13.3,57.0,45.0
Jonathan Marchessault,30.0,77.0,27.0,48.0,75.0,40.0,36.0,1051.0,6.0,6.0,16.0,0.35100000000000003,0.623,0.9740000000000001,268.0,10.1,99.0,26.0,75.0,82.0,25.0,34.0,59.0,52.0,2.0,1088.0,5.0,6.0,16.0,0.305,0.415,0.72,278.0,9.0,98.0,22.0
Jonathan Toews,104.0,74.0,20.0,32.0,52.0,47.0,-1.0,1181.0,2.0,2.0,12.0,0.27,0.43200000000000005,0.703,211.0,9.5,32.0,24.0,27.0,82.0,35.0,46.0,81.0,40.0,2.0,1260.0,9.0,5.0,23.0,0.42700000000000005,0.561,0.988,235.0,14.9,42.0,44.0
Joonas Donskoi,242.0,66.0,14.0,18.0,32.0,26.0,10.0,898.0,1.0,2.0,5.0,0.212,0.273,0.485,129.0,10.9,28.0,28.0,191.0,80.0,14.0,23.0,37.0,10.0,10.0,805.0,1.0,4.0,3.0,0.175,0.28800000000000003,0.46299999999999997,115.0,12.2,36.0,36.0
Jordan Eberle,77.0,81.0,25.0,34.0,59.0,21.0,5.0,964.0,3.0,7.0,10.0,0.309,0.42,0.728,183.0,13.7,46.0,30.0,187.0,78.0,19.0,18.0,37.0,17.0,-6.0,991.0,7.0,5.0,12.0,0.244,0.231,0.474,160.0,11.9,36.0,35.0
Jordan Staal,141.0,79.0,19.0,27.0,46.0,26.0,-4.0,1154.0,4.0,2.0,12.0,0.24100000000000002,0.342,0.5820000000000001,160.0,11.9,181.0,32.0,281.0,50.0,11.0,17.0,28.0,26.0,6.0,1097.0,0.0,1.0,2.0,0.22,0.34,0.56,121.0,9.1,122.0,18.0
Joshua Bailey,33.0,76.0,18.0,53.0,71.0,17.0,-20.0,1073.0,5.0,3.0,31.0,0.237,0.6970000000000001,0.934,151.0,11.9,12.0,33.0,85.0,82.0,16.0,40.0,56.0,21.0,8.0,1009.0,2.0,4.0,14.0,0.195,0.488,0.6829999999999999,126.0,12.7,19.0,32.0
Justin Williams,111.0,82.0,16.0,35.0,51.0,56.0,-9.0,995.0,2.0,2.0,12.0,0.195,0.42700000000000005,0.622,198.0,8.1,79.0,42.0,96.0,82.0,23.0,30.0,53.0,44.0,-4.0,1046.0,9.0,5.0,14.0,0.28,0.366,0.6459999999999999,237.0,9.7,55.0,32.0
Keith Yandle,89.0,82.0,8.0,48.0,56.0,35.0,7.0,1469.0,1.0,1.0,18.0,0.098,0.585,0.6829999999999999,179.0,4.5,26.0,101.0,68.0,82.0,9.0,53.0,62.0,50.0,-17.0,1346.0,7.0,2.0,39.0,0.11,0.6459999999999999,0.7559999999999999,199.0,4.5,47.0,76.0
Kevin Fiala,126.0,80.0,23.0,25.0,48.0,26.0,20.0,908.0,4.0,4.0,13.0,0.28800000000000003,0.313,0.6,187.0,12.3,34.0,27.0,177.0,83.0,13.0,26.0,39.0,36.0,-23.0,938.0,2.0,2.0,11.0,0.157,0.313,0.47,174.0,7.5,42.0,20.0
Kevin Hayes,149.0,76.0,25.0,19.0,44.0,18.0,1.0,1041.0,6.0,4.0,8.0,0.32899999999999996,0.25,0.579,172.0,14.5,40.0,36.0,87.0,71.0,19.0,36.0,55.0,12.0,-2.0,1096.0,3.0,2.0,11.0,0.268,0.507,0.775,156.0,12.2,58.0,15.0
Kevin Labanc,179.0,77.0,11.0,29.0,40.0,32.0,-6.0,860.0,4.0,3.0,17.0,0.14300000000000002,0.377,0.519,156.0,7.1,31.0,23.0,83.0,82.0,17.0,39.0,56.0,36.0,-1.0,841.0,2.0,4.0,20.0,0.207,0.47600000000000003,0.6829999999999999,130.0,13.1,66.0,16.0
Kristopher Letang,112.0,79.0,9.0,42.0,51.0,56.0,-9.0,1519.0,4.0,1.0,20.0,0.114,0.532,0.6459999999999999,222.0,4.1,109.0,108.0,84.0,65.0,16.0,40.0,56.0,48.0,13.0,1557.0,2.0,3.0,19.0,0.24600000000000002,0.615,0.862,206.0,7.8,116.0,111.0
Kyle Connor,82.0,76.0,31.0,26.0,57.0,16.0,8.0,1014.0,7.0,7.0,11.0,0.408,0.342,0.75,192.0,16.2,18.0,26.0,59.0,82.0,34.0,32.0,66.0,18.0,-7.0,1155.0,11.0,5.0,19.0,0.415,0.39,0.805,227.0,15.0,9.0,21.0
Kyle Okposo,155.0,76.0,15.0,29.0,44.0,40.0,-34.0,1021.0,6.0,2.0,21.0,0.19699999999999998,0.382,0.579,161.0,9.3,70.0,34.0,268.0,78.0,14.0,15.0,29.0,41.0,-9.0,827.0,7.0,2.0,11.0,0.179,0.192,0.37200000000000005,147.0,9.5,87.0,27.0
Kyle Palmieri,150.0,62.0,24.0,20.0,44.0,30.0,-1.0,1038.0,11.0,5.0,23.0,0.387,0.32299999999999995,0.71,181.0,13.3,94.0,50.0,111.0,74.0,27.0,23.0,50.0,42.0,-9.0,1089.0,11.0,2.0,18.0,0.365,0.311,0.6759999999999999,224.0,12.1,98.0,35.0
Lars Eller,184.0,81.0,18.0,20.0,38.0,38.0,-6.0,917.0,3.0,2.0,6.0,0.222,0.247,0.469,161.0,11.2,71.0,69.0,202.0,81.0,13.0,23.0,36.0,37.0,-1.0,992.0,0.0,1.0,3.0,0.16,0.284,0.444,163.0,8.0,69.0,47.0
Leon Draisaitl,36.0,78.0,25.0,45.0,70.0,30.0,-7.0,1157.0,6.0,1.0,11.0,0.321,0.5770000000000001,0.897,194.0,12.9,40.0,24.0,4.0,82.0,50.0,55.0,105.0,52.0,2.0,1355.0,16.0,5.0,29.0,0.61,0.6709999999999999,1.28,231.0,21.7,57.0,26.0
Logan Couture,66.0,78.0,34.0,27.0,61.0,18.0,-2.0,1112.0,10.0,4.0,21.0,0.436,0.34600000000000003,0.782,204.0,16.7,33.0,72.0,54.0,81.0,27.0,43.0,70.0,22.0,-6.0,1115.0,6.0,3.0,18.0,0.33299999999999996,0.531,0.8640000000000001,204.0,13.2,65.0,52.0
Marc-Edouard Vlasic,244.0,81.0,11.0,21.0,32.0,34.0,9.0,1353.0,1.0,2.0,3.0,0.136,0.259,0.395,161.0,6.8,26.0,174.0,336.0,72.0,3.0,22.0,25.0,10.0,-6.0,1262.0,0.0,0.0,1.0,0.042,0.306,0.34700000000000003,100.0,3.0,23.0,114.0
Mark Giordano,188.0,82.0,13.0,25.0,38.0,63.0,0.0,1487.0,1.0,4.0,10.0,0.159,0.305,0.46299999999999997,214.0,6.1,93.0,161.0,41.0,78.0,17.0,57.0,74.0,69.0,39.0,1454.0,3.0,2.0,21.0,0.218,0.731,0.9490000000000001,221.0,7.7,58.0,144.0
Mark Scheifele,73.0,60.0,23.0,37.0,60.0,18.0,19.0,1239.0,8.0,3.0,16.0,0.38299999999999995,0.617,1.0,125.0,18.4,57.0,31.0,20.0,82.0,38.0,46.0,84.0,38.0,8.0,1311.0,12.0,6.0,23.0,0.46299999999999997,0.561,1.024,199.0,19.1,54.0,54.0
Mark Stone,64.0,58.0,20.0,42.0,62.0,10.0,9.0,1239.0,1.0,3.0,11.0,0.345,0.7240000000000001,1.069,132.0,15.2,53.0,39.0,43.0,77.0,33.0,40.0,73.0,27.0,17.0,1193.0,6.0,4.0,20.0,0.429,0.519,0.948,199.0,16.6,72.0,71.0
Mathew Barzal,14.0,82.0,22.0,63.0,85.0,30.0,1.0,1065.0,5.0,4.0,27.0,0.268,0.768,1.037,170.0,12.9,21.0,31.0,67.0,82.0,18.0,44.0,62.0,46.0,-5.0,1075.0,3.0,3.0,18.0,0.22,0.537,0.7559999999999999,179.0,10.1,25.0,56.0
Mathieu Perreault,182.0,70.0,17.0,22.0,39.0,38.0,4.0,868.0,6.0,2.0,14.0,0.243,0.314,0.557,139.0,12.2,120.0,25.0,262.0,82.0,15.0,15.0,30.0,44.0,-1.0,733.0,4.0,3.0,7.0,0.183,0.183,0.366,95.0,15.8,127.0,25.0
Mats Zuccarello,99.0,80.0,16.0,37.0,53.0,36.0,-10.0,1135.0,1.0,3.0,17.0,0.2,0.46299999999999997,0.6629999999999999,178.0,9.0,62.0,67.0,171.0,48.0,12.0,28.0,40.0,24.0,-8.0,1191.0,3.0,1.0,15.0,0.25,0.583,0.833,104.0,11.5,57.0,43.0
Matt Duchene,76.0,82.0,27.0,32.0,59.0,18.0,-22.0,1099.0,9.0,3.0,13.0,0.32899999999999996,0.39,0.72,190.0,14.2,60.0,49.0,52.0,73.0,31.0,39.0,70.0,8.0,-3.0,1130.0,6.0,1.0,14.0,0.425,0.534,0.9590000000000001,172.0,18.0,28.0,40.0
Matthew Tkachuk,120.0,68.0,24.0,25.0,49.0,61.0,-1.0,1035.0,10.0,2.0,17.0,0.353,0.368,0.721,188.0,12.8,80.0,16.0,31.0,80.0,34.0,43.0,77.0,62.0,14.0,1055.0,11.0,2.0,24.0,0.425,0.5379999999999999,0.963,207.0,16.4,104.0,13.0
Mattias Ekholm,225.0,81.0,10.0,24.0,34.0,46.0,25.0,1414.0,5.0,1.0,13.0,0.12300000000000001,0.29600000000000004,0.42,135.0,7.4,75.0,117.0,147.0,80.0,8.0,36.0,44.0,47.0,27.0,1401.0,2.0,3.0,7.0,0.1,0.45,0.55,146.0,5.5,68.0,107.0
Mattias Janmark-Nylén,221.0,81.0,19.0,15.0,34.0,24.0,-13.0,1016.0,4.0,4.0,5.0,0.235,0.185,0.42,136.0,14.0,15.0,41.0,334.0,81.0,6.0,19.0,25.0,24.0,-4.0,912.0,0.0,0.0,1.0,0.07400000000000001,0.235,0.309,105.0,5.7,28.0,44.0
Max Domi,146.0,82.0,9.0,36.0,45.0,73.0,-7.0,1002.0,1.0,0.0,9.0,0.11,0.439,0.5489999999999999,150.0,6.0,49.0,28.0,47.0,82.0,28.0,44.0,72.0,80.0,20.0,1042.0,4.0,2.0,11.0,0.341,0.537,0.878,203.0,13.8,53.0,39.0
Max Pacioretty,189.0,64.0,17.0,20.0,37.0,30.0,-16.0,1140.0,6.0,4.0,15.0,0.266,0.313,0.578,212.0,8.0,118.0,27.0,168.0,66.0,22.0,18.0,40.0,36.0,-13.0,1020.0,4.0,5.0,8.0,0.33299999999999996,0.273,0.606,191.0,11.5,119.0,20.0
Michael Ferland,168.0,77.0,21.0,20.0,41.0,24.0,5.0,900.0,6.0,0.0,6.0,0.273,0.26,0.532,144.0,14.6,171.0,30.0,170.0,71.0,17.0,23.0,40.0,58.0,13.0,845.0,6.0,3.0,13.0,0.239,0.324,0.563,156.0,10.9,182.0,19.0
Mika Zibanejad,130.0,72.0,27.0,20.0,47.0,14.0,-23.0,1077.0,14.0,4.0,21.0,0.375,0.278,0.653,212.0,12.7,92.0,64.0,39.0,82.0,30.0,44.0,74.0,47.0,-12.0,1233.0,11.0,5.0,23.0,0.366,0.537,0.902,236.0,12.7,134.0,66.0
Mikael Backlund,145.0,82.0,14.0,31.0,45.0,78.0,-21.0,1141.0,3.0,2.0,11.0,0.171,0.37799999999999995,0.5489999999999999,214.0,6.5,54.0,40.0,126.0,77.0,21.0,26.0,47.0,52.0,34.0,1073.0,1.0,4.0,2.0,0.273,0.33799999999999997,0.61,205.0,10.2,52.0,26.0
Mikael Granlund,41.0,77.0,21.0,46.0,67.0,18.0,13.0,1126.0,7.0,2.0,19.0,0.273,0.597,0.87,193.0,10.9,47.0,45.0,92.0,79.0,16.0,38.0,54.0,24.0,-8.0,1100.0,2.0,5.0,20.0,0.203,0.48100000000000004,0.684,189.0,8.5,46.0,40.0
Mike Green,238.0,66.0,8.0,25.0,33.0,38.0,-14.0,1324.0,1.0,0.0,13.0,0.121,0.379,0.5,132.0,6.1,78.0,74.0,318.0,43.0,5.0,21.0,26.0,28.0,-1.0,1300.0,0.0,0.0,3.0,0.11599999999999999,0.488,0.605,92.0,5.4,60.0,56.0
Mike Hoffman,86.0,82.0,22.0,34.0,56.0,32.0,-20.0,1104.0,8.0,5.0,21.0,0.268,0.415,0.6829999999999999,257.0,8.6,31.0,34.0,51.0,82.0,36.0,34.0,70.0,30.0,-24.0,1070.0,17.0,6.0,35.0,0.439,0.415,0.8540000000000001,253.0,14.2,42.0,26.0
Mikhail Sergachyov,181.0,79.0,9.0,31.0,40.0,38.0,11.0,922.0,3.0,5.0,16.0,0.114,0.392,0.506,141.0,6.4,90.0,64.0,243.0,75.0,6.0,26.0,32.0,28.0,12.0,1075.0,0.0,0.0,6.0,0.08,0.34700000000000003,0.42700000000000005,128.0,4.7,97.0,93.0
Mikkel Bødker,194.0,74.0,15.0,22.0,37.0,12.0,0.0,801.0,4.0,4.0,8.0,0.203,0.297,0.5,119.0,12.6,41.0,24.0,216.0,71.0,7.0,28.0,35.0,6.0,-23.0,841.0,2.0,1.0,7.0,0.099,0.39399999999999996,0.493,88.0,8.0,54.0,28.0
Mikko Koivu,144.0,82.0,14.0,31.0,45.0,46.0,9.0,1109.0,3.0,2.0,14.0,0.171,0.37799999999999995,0.5489999999999999,170.0,8.2,51.0,53.0,273.0,48.0,8.0,21.0,29.0,22.0,-2.0,1097.0,2.0,0.0,12.0,0.16699999999999998,0.43799999999999994,0.604,89.0,9.0,13.0,32.0
Mikko Rantanen,17.0,81.0,29.0,55.0,84.0,34.0,0.0,1137.0,12.0,3.0,35.0,0.358,0.679,1.037,178.0,16.3,32.0,40.0,17.0,74.0,31.0,56.0,87.0,54.0,13.0,1250.0,16.0,4.0,33.0,0.419,0.757,1.176,193.0,16.1,59.0,41.0
Miles Wood,240.0,76.0,19.0,13.0,32.0,84.0,-6.0,747.0,3.0,2.0,3.0,0.25,0.171,0.42100000000000004,170.0,11.2,75.0,22.0,342.0,63.0,10.0,14.0,24.0,91.0,-10.0,821.0,1.0,1.0,3.0,0.159,0.222,0.381,159.0,6.3,97.0,27.0
Mitchell Marner,39.0,82.0,22.0,47.0,69.0,26.0,-1.0,983.0,8.0,2.0,27.0,0.268,0.573,0.841,194.0,11.3,31.0,25.0,11.0,82.0,26.0,68.0,94.0,22.0,22.0,1189.0,3.0,5.0,21.0,0.317,0.8290000000000001,1.146,233.0,11.2,29.0,43.0
Morgan Rielly,106.0,76.0,6.0,46.0,52.0,14.0,-4.0,1295.0,1.0,0.0,25.0,0.079,0.605,0.684,182.0,3.3,48.0,84.0,50.0,82.0,20.0,52.0,72.0,14.0,24.0,1387.0,3.0,5.0,21.0,0.244,0.634,0.878,223.0,9.0,61.0,114.0
Nate Schmidt,205.0,76.0,5.0,31.0,36.0,16.0,19.0,1331.0,1.0,1.0,11.0,0.066,0.408,0.474,103.0,4.9,41.0,121.0,264.0,61.0,9.0,21.0,30.0,8.0,22.0,1317.0,1.0,1.0,8.0,0.14800000000000002,0.344,0.49200000000000005,112.0,8.0,37.0,100.0
Nathan MacKinnon,5.0,74.0,39.0,58.0,97.0,55.0,11.0,1193.0,12.0,12.0,32.0,0.527,0.784,1.311,284.0,13.7,38.0,22.0,7.0,82.0,41.0,58.0,99.0,34.0,20.0,1325.0,12.0,6.0,37.0,0.5,0.7070000000000001,1.207,365.0,11.2,54.0,31.0
Nazem Kadri,90.0,80.0,32.0,23.0,55.0,42.0,2.0,1005.0,12.0,3.0,19.0,0.4,0.28800000000000003,0.688,211.0,15.2,94.0,26.0,143.0,73.0,16.0,28.0,44.0,43.0,-2.0,971.0,4.0,5.0,13.0,0.21899999999999997,0.384,0.603,184.0,8.7,85.0,13.0
Nick Bjugstad,122.0,82.0,19.0,30.0,49.0,41.0,5.0,907.0,1.0,1.0,7.0,0.23199999999999998,0.366,0.598,230.0,8.3,95.0,19.0,306.0,64.0,14.0,12.0,26.0,30.0,6.0,907.0,2.0,2.0,6.0,0.21899999999999997,0.188,0.406,154.0,9.1,126.0,27.0
Nick Foligno,231.0,72.0,15.0,18.0,33.0,50.0,1.0,1101.0,2.0,1.0,4.0,0.20800000000000002,0.25,0.45799999999999996,137.0,11.0,182.0,60.0,207.0,73.0,17.0,18.0,35.0,44.0,12.0,1062.0,2.0,2.0,4.0,0.233,0.247,0.479,141.0,12.1,175.0,51.0
Nick Leddy,165.0,80.0,10.0,32.0,42.0,20.0,-42.0,1345.0,4.0,1.0,14.0,0.125,0.4,0.525,153.0,6.5,95.0,104.0,319.0,82.0,4.0,22.0,26.0,18.0,0.0,1293.0,0.0,0.0,10.0,0.049,0.268,0.317,116.0,3.5,77.0,89.0
Nick Schmaltz,103.0,78.0,21.0,31.0,52.0,18.0,1.0,1093.0,4.0,2.0,13.0,0.26899999999999996,0.397,0.667,118.0,17.8,13.0,39.0,331.0,40.0,7.0,18.0,25.0,8.0,-12.0,1069.0,5.0,2.0,8.0,0.175,0.45,0.625,62.0,11.3,5.0,12.0
Nicklas Bäckström,32.0,81.0,21.0,50.0,71.0,46.0,5.0,1179.0,7.0,4.0,26.0,0.259,0.617,0.877,165.0,12.7,37.0,51.0,40.0,80.0,22.0,52.0,74.0,30.0,2.0,1197.0,7.0,5.0,25.0,0.275,0.65,0.925,169.0,13.0,54.0,30.0
Nico Hischier,105.0,82.0,20.0,32.0,52.0,26.0,10.0,978.0,1.0,2.0,6.0,0.244,0.39,0.634,180.0,11.1,56.0,39.0,128.0,69.0,17.0,30.0,47.0,24.0,0.0,1086.0,3.0,3.0,11.0,0.24600000000000002,0.435,0.6809999999999999,160.0,10.6,53.0,44.0
Nikita Kucherov,3.0,80.0,39.0,61.0,100.0,42.0,15.0,1188.0,8.0,7.0,36.0,0.488,0.763,1.25,279.0,14.0,31.0,15.0,1.0,82.0,41.0,87.0,128.0,62.0,24.0,1197.0,15.0,8.0,48.0,0.5,1.061,1.561,246.0,16.7,44.0,31.0
Nikolaj Ehlers,72.0,82.0,29.0,31.0,60.0,26.0,14.0,965.0,7.0,7.0,13.0,0.354,0.37799999999999995,0.732,231.0,12.6,39.0,27.0,185.0,62.0,21.0,16.0,37.0,15.0,2.0,945.0,2.0,4.0,7.0,0.33899999999999997,0.258,0.597,158.0,13.3,27.0,16.0
Nino Niederreiter,241.0,63.0,18.0,14.0,32.0,36.0,14.0,900.0,7.0,4.0,8.0,0.28600000000000003,0.222,0.508,133.0,13.5,58.0,20.0,97.0,82.0,23.0,30.0,53.0,30.0,-4.0,973.0,6.0,3.0,15.0,0.28,0.366,0.6459999999999999,184.0,12.5,94.0,20.0
Noah Hanifin,248.0,79.0,10.0,22.0,32.0,21.0,-20.0,1131.0,1.0,3.0,7.0,0.127,0.278,0.405,165.0,6.1,81.0,69.0,238.0,80.0,5.0,28.0,33.0,12.0,18.0,1246.0,1.0,2.0,5.0,0.063,0.35,0.413,116.0,4.3,87.0,83.0
Oliver Bjorkstrand,180.0,82.0,11.0,29.0,40.0,9.0,4.0,856.0,3.0,2.0,9.0,0.134,0.354,0.488,163.0,6.8,64.0,43.0,199.0,77.0,23.0,13.0,36.0,8.0,8.0,740.0,3.0,1.0,3.0,0.299,0.16899999999999998,0.46799999999999997,161.0,14.3,43.0,34.0
Oliver Ekman-Larsson,163.0,82.0,14.0,28.0,42.0,44.0,-28.0,1420.0,6.0,3.0,15.0,0.171,0.341,0.512,202.0,6.9,160.0,79.0,144.0,81.0,14.0,30.0,44.0,52.0,-16.0,1418.0,5.0,2.0,19.0,0.17300000000000001,0.37,0.5429999999999999,176.0,8.0,162.0,52.0
Ondrej Palat,216.0,56.0,11.0,24.0,35.0,6.0,16.0,1021.0,4.0,0.0,9.0,0.196,0.429,0.625,109.0,10.1,80.0,48.0,227.0,64.0,8.0,26.0,34.0,20.0,4.0,893.0,2.0,1.0,8.0,0.125,0.406,0.531,100.0,8.0,104.0,34.0
P.K. Subban,79.0,82.0,16.0,43.0,59.0,82.0,18.0,1446.0,5.0,2.0,25.0,0.195,0.524,0.72,207.0,7.7,111.0,90.0,252.0,63.0,9.0,22.0,31.0,60.0,5.0,1359.0,2.0,1.0,10.0,0.14300000000000002,0.349,0.49200000000000005,168.0,5.4,56.0,75.0
Patric Hörnqvist,119.0,70.0,29.0,20.0,49.0,58.0,2.0,1038.0,15.0,1.0,22.0,0.414,0.28600000000000003,0.7,247.0,11.7,137.0,64.0,188.0,69.0,18.0,19.0,37.0,26.0,-3.0,928.0,6.0,2.0,12.0,0.261,0.275,0.536,197.0,9.1,150.0,34.0
Patrice Bergeron,59.0,64.0,30.0,33.0,63.0,26.0,21.0,1166.0,10.0,6.0,21.0,0.469,0.516,0.9840000000000001,224.0,13.4,48.0,42.0,29.0,65.0,32.0,47.0,79.0,30.0,23.0,1108.0,9.0,3.0,27.0,0.49200000000000005,0.723,1.215,205.0,15.6,43.0,60.0
Patrick Kane,28.0,82.0,27.0,49.0,76.0,32.0,-20.0,1211.0,5.0,4.0,22.0,0.32899999999999996,0.598,0.927,285.0,9.5,18.0,14.0,3.0,81.0,44.0,66.0,110.0,22.0,2.0,1349.0,9.0,7.0,30.0,0.5429999999999999,0.815,1.358,341.0,12.9,21.0,18.0
Patrick Marleau,131.0,82.0,27.0,20.0,47.0,16.0,1.0,1019.0,5.0,5.0,9.0,0.32899999999999996,0.244,0.573,203.0,13.3,85.0,26.0,189.0,82.0,16.0,21.0,37.0,28.0,-6.0,980.0,4.0,3.0,10.0,0.195,0.256,0.451,161.0,9.9,74.0,41.0
Patrick Maroon,158.0,74.0,17.0,26.0,43.0,73.0,1.0,992.0,1.0,4.0,7.0,0.23,0.35100000000000003,0.581,141.0,12.1,150.0,14.0,282.0,74.0,10.0,18.0,28.0,64.0,-3.0,850.0,2.0,3.0,11.0,0.135,0.243,0.37799999999999995,118.0,8.5,135.0,7.0
Patrik Laine,34.0,82.0,44.0,26.0,70.0,24.0,8.0,988.0,20.0,8.0,31.0,0.537,0.317,0.8540000000000001,241.0,18.3,74.0,43.0,109.0,82.0,30.0,20.0,50.0,42.0,-24.0,1033.0,15.0,3.0,23.0,0.366,0.244,0.61,245.0,12.2,70.0,44.0
Paul Byron,206.0,82.0,20.0,15.0,35.0,23.0,-4.0,967.0,2.0,1.0,4.0,0.244,0.183,0.42700000000000005,115.0,17.4,137.0,55.0,246.0,56.0,15.0,16.0,31.0,17.0,16.0,874.0,0.0,3.0,1.0,0.268,0.28600000000000003,0.5539999999999999,94.0,16.0,114.0,36.0
Paul Stastny,100.0,82.0,16.0,37.0,53.0,18.0,1.0,1098.0,3.0,3.0,9.0,0.195,0.451,0.6459999999999999,159.0,10.1,43.0,38.0,158.0,50.0,13.0,29.0,42.0,30.0,14.0,1086.0,1.0,2.0,4.0,0.26,0.58,0.84,103.0,12.6,35.0,15.0
Pavel Buchnevich,161.0,74.0,14.0,29.0,43.0,20.0,-3.0,900.0,5.0,4.0,17.0,0.18899999999999997,0.392,0.581,136.0,10.3,51.0,35.0,180.0,64.0,21.0,17.0,38.0,13.0,-10.0,910.0,7.0,1.0,12.0,0.32799999999999996,0.266,0.594,119.0,17.7,60.0,20.0
Phil Kessel,8.0,82.0,34.0,58.0,92.0,36.0,-4.0,1121.0,12.0,6.0,42.0,0.415,0.7070000000000001,1.122,261.0,13.0,10.0,17.0,25.0,82.0,27.0,55.0,82.0,28.0,-19.0,1078.0,12.0,10.0,36.0,0.32899999999999996,0.6709999999999999,1.0,215.0,12.6,12.0,18.0
Pierre-Luc Dubois,129.0,82.0,20.0,28.0,48.0,49.0,8.0,997.0,6.0,4.0,15.0,0.244,0.341,0.585,165.0,12.1,127.0,46.0,71.0,82.0,27.0,34.0,61.0,64.0,16.0,1062.0,2.0,5.0,9.0,0.32899999999999996,0.415,0.7440000000000001,174.0,15.5,115.0,52.0
Radek Faksa,228.0,79.0,17.0,16.0,33.0,36.0,21.0,915.0,0.0,3.0,0.0,0.215,0.203,0.418,118.0,14.4,101.0,56.0,261.0,81.0,15.0,15.0,30.0,54.0,-3.0,985.0,1.0,1.0,3.0,0.185,0.185,0.37,114.0,13.2,103.0,65.0
Rasmus Ristolainen,173.0,73.0,6.0,35.0,41.0,48.0,-25.0,1590.0,1.0,1.0,23.0,0.08199999999999999,0.479,0.562,182.0,3.3,206.0,111.0,152.0,78.0,5.0,38.0,43.0,38.0,-41.0,1478.0,1.0,2.0,17.0,0.064,0.48700000000000004,0.551,182.0,2.8,235.0,121.0
Reilly Smith,74.0,67.0,22.0,38.0,60.0,24.0,31.0,1075.0,7.0,4.0,14.0,0.32799999999999996,0.5670000000000001,0.8959999999999999,162.0,13.6,40.0,24.0,98.0,74.0,19.0,34.0,53.0,14.0,13.0,1096.0,4.0,1.0,14.0,0.257,0.45899999999999996,0.716,178.0,10.7,39.0,33.0
Richard Panik,210.0,72.0,14.0,21.0,35.0,38.0,7.0,911.0,4.0,0.0,6.0,0.19399999999999998,0.292,0.486,136.0,10.3,137.0,37.0,233.0,75.0,14.0,19.0,33.0,44.0,-3.0,996.0,0.0,2.0,2.0,0.187,0.253,0.44,140.0,10.0,137.0,52.0
Rickard Rakell,37.0,77.0,34.0,35.0,69.0,14.0,6.0,1165.0,8.0,3.0,18.0,0.442,0.455,0.8959999999999999,230.0,14.8,115.0,30.0,150.0,69.0,18.0,25.0,43.0,27.0,-13.0,1108.0,6.0,2.0,13.0,0.261,0.36200000000000004,0.623,194.0,9.3,82.0,38.0
Roman Josi,101.0,75.0,14.0,39.0,53.0,24.0,24.0,1468.0,7.0,3.0,20.0,0.187,0.52,0.7070000000000001,253.0,5.5,80.0,120.0,86.0,82.0,15.0,41.0,56.0,42.0,9.0,1509.0,2.0,4.0,12.0,0.183,0.5,0.6829999999999999,274.0,5.5,53.0,144.0
Ryan Dzingel,167.0,79.0,23.0,18.0,41.0,35.0,-17.0,989.0,4.0,2.0,8.0,0.29100000000000004,0.228,0.519,136.0,16.9,60.0,19.0,81.0,78.0,26.0,30.0,56.0,29.0,-9.0,1008.0,5.0,5.0,11.0,0.33299999999999996,0.385,0.718,159.0,16.4,54.0,38.0
Ryan Ellis,249.0,44.0,9.0,23.0,32.0,6.0,26.0,1401.0,2.0,2.0,5.0,0.205,0.523,0.727,110.0,8.2,27.0,84.0,166.0,82.0,7.0,34.0,41.0,20.0,21.0,1440.0,1.0,2.0,5.0,0.085,0.415,0.5,149.0,4.7,71.0,154.0
Ryan Getzlaf,71.0,56.0,11.0,50.0,61.0,42.0,20.0,1286.0,0.0,0.0,13.0,0.196,0.893,1.089,117.0,9.4,96.0,57.0,119.0,67.0,14.0,34.0,48.0,58.0,-19.0,1167.0,1.0,2.0,11.0,0.209,0.507,0.716,133.0,10.5,150.0,74.0
Ryan Johansen,98.0,79.0,15.0,39.0,54.0,78.0,13.0,1113.0,1.0,3.0,15.0,0.19,0.494,0.684,129.0,11.6,87.0,35.0,65.0,80.0,14.0,50.0,64.0,42.0,7.0,1173.0,0.0,6.0,16.0,0.175,0.625,0.8,136.0,10.3,95.0,23.0
Ryan Nugent-Hopkins,124.0,62.0,24.0,24.0,48.0,20.0,10.0,1084.0,4.0,2.0,9.0,0.387,0.387,0.774,151.0,15.9,44.0,39.0,57.0,82.0,28.0,41.0,69.0,26.0,-13.0,1206.0,8.0,3.0,26.0,0.341,0.5,0.841,208.0,13.5,69.0,40.0
Ryan O'Reilly,69.0,81.0,24.0,37.0,61.0,2.0,-23.0,1249.0,15.0,3.0,23.0,0.29600000000000004,0.457,0.753,230.0,10.4,42.0,48.0,32.0,82.0,28.0,49.0,77.0,12.0,22.0,1245.0,6.0,5.0,22.0,0.341,0.598,0.9390000000000001,234.0,12.0,31.0,36.0
Ryan Pulock,247.0,68.0,10.0,22.0,32.0,14.0,-4.0,1104.0,5.0,0.0,11.0,0.147,0.324,0.47100000000000003,184.0,5.4,113.0,86.0,198.0,82.0,9.0,28.0,37.0,22.0,21.0,1341.0,3.0,3.0,9.0,0.11,0.341,0.451,180.0,5.0,143.0,148.0
Ryan Strome,224.0,82.0,13.0,21.0,34.0,33.0,-4.0,913.0,2.0,3.0,6.0,0.159,0.256,0.415,147.0,8.8,43.0,17.0,205.0,81.0,19.0,16.0,35.0,64.0,-3.0,934.0,4.0,2.0,7.0,0.235,0.198,0.43200000000000005,110.0,17.3,76.0,36.0
Ryan Suter,113.0,78.0,6.0,45.0,51.0,34.0,-1.0,1606.0,1.0,2.0,23.0,0.077,0.5770000000000001,0.654,149.0,4.0,78.0,138.0,131.0,82.0,7.0,40.0,47.0,41.0,-8.0,1601.0,3.0,2.0,15.0,0.085,0.488,0.573,136.0,5.2,78.0,109.0
Sam Reinhart,114.0,82.0,25.0,25.0,50.0,26.0,-24.0,1026.0,12.0,5.0,21.0,0.305,0.305,0.61,188.0,13.3,48.0,42.0,63.0,82.0,22.0,43.0,65.0,16.0,-10.0,1137.0,2.0,1.0,15.0,0.268,0.524,0.7929999999999999,180.0,12.2,38.0,47.0
Sean Couturier,27.0,82.0,31.0,45.0,76.0,31.0,34.0,1295.0,7.0,6.0,14.0,0.37799999999999995,0.5489999999999999,0.927,227.0,13.7,74.0,44.0,35.0,80.0,33.0,43.0,76.0,34.0,2.0,1327.0,8.0,5.0,17.0,0.413,0.5379999999999999,0.95,223.0,14.8,40.0,60.0
Sean Monahan,53.0,74.0,31.0,33.0,64.0,24.0,3.0,1121.0,9.0,11.0,19.0,0.419,0.446,0.865,202.0,15.4,35.0,17.0,23.0,78.0,34.0,48.0,82.0,12.0,7.0,1143.0,12.0,5.0,23.0,0.436,0.615,1.051,211.0,16.1,36.0,24.0
Sebastian Aho,48.0,78.0,29.0,36.0,65.0,24.0,4.0,1075.0,8.0,4.0,16.0,0.37200000000000005,0.462,0.833,200.0,14.5,65.0,17.0,21.0,82.0,30.0,53.0,83.0,26.0,25.0,1209.0,3.0,7.0,24.0,0.366,0.6459999999999999,1.012,243.0,12.4,65.0,34.0
Seth Jones,83.0,78.0,16.0,41.0,57.0,30.0,10.0,1475.0,7.0,4.0,24.0,0.205,0.526,0.731,249.0,6.4,92.0,124.0,136.0,75.0,9.0,37.0,46.0,28.0,1.0,1549.0,0.0,4.0,10.0,0.12,0.493,0.613,184.0,4.9,106.0,133.0
Shayne Gostisbehere,51.0,78.0,13.0,52.0,65.0,25.0,10.0,1287.0,7.0,2.0,33.0,0.16699999999999998,0.667,0.833,221.0,5.9,53.0,116.0,196.0,78.0,9.0,28.0,37.0,22.0,-20.0,1179.0,4.0,2.0,14.0,0.115,0.359,0.474,180.0,5.0,46.0,102.0
Sidney Crosby,10.0,82.0,29.0,60.0,89.0,46.0,0.0,1241.0,9.0,6.0,38.0,0.354,0.732,1.085,247.0,11.7,75.0,36.0,6.0,79.0,35.0,65.0,100.0,36.0,18.0,1259.0,12.0,3.0,29.0,0.44299999999999995,0.823,1.266,220.0,15.9,85.0,43.0
Steven Stamkos,12.0,78.0,27.0,59.0,86.0,72.0,18.0,1125.0,15.0,1.0,33.0,0.34600000000000003,0.7559999999999999,1.103,212.0,12.7,61.0,35.0,9.0,82.0,45.0,53.0,98.0,37.0,4.0,1098.0,19.0,6.0,40.0,0.5489999999999999,0.6459999999999999,1.195,234.0,19.2,72.0,40.0
T.J. Oshie,134.0,74.0,18.0,29.0,47.0,31.0,2.0,1104.0,9.0,3.0,18.0,0.243,0.392,0.635,127.0,14.2,124.0,54.0,90.0,69.0,25.0,29.0,54.0,36.0,5.0,1116.0,6.0,4.0,14.0,0.36200000000000004,0.42,0.7829999999999999,143.0,17.5,133.0,55.0
Tanner Pearson,177.0,82.0,15.0,25.0,40.0,27.0,11.0,957.0,2.0,4.0,5.0,0.183,0.305,0.488,180.0,8.3,116.0,36.0,293.0,80.0,18.0,9.0,27.0,25.0,-15.0,843.0,3.0,1.0,5.0,0.225,0.113,0.33799999999999997,147.0,12.2,128.0,41.0
Taylor Hall,6.0,76.0,39.0,54.0,93.0,34.0,14.0,1147.0,13.0,7.0,37.0,0.513,0.711,1.224,278.0,14.0,72.0,44.0,195.0,33.0,11.0,26.0,37.0,16.0,-6.0,1181.0,1.0,3.0,12.0,0.33299999999999996,0.7879999999999999,1.121,113.0,9.7,22.0,29.0
Teuvo Teräväinen,57.0,82.0,23.0,41.0,64.0,14.0,8.0,1013.0,5.0,3.0,20.0,0.28,0.5,0.78,185.0,12.4,26.0,22.0,36.0,82.0,21.0,55.0,76.0,12.0,30.0,1075.0,8.0,1.0,24.0,0.256,0.6709999999999999,0.927,167.0,12.6,35.0,23.0
Thomas Vanek,85.0,80.0,24.0,32.0,56.0,36.0,-3.0,845.0,4.0,1.0,15.0,0.3,0.4,0.7,168.0,14.3,36.0,18.0,201.0,64.0,16.0,20.0,36.0,26.0,-12.0,846.0,4.0,1.0,11.0,0.25,0.313,0.563,108.0,14.8,38.0,13.0
Timo Meier,202.0,81.0,21.0,15.0,36.0,51.0,2.0,891.0,3.0,4.0,4.0,0.259,0.185,0.444,210.0,10.0,105.0,48.0,60.0,78.0,30.0,36.0,66.0,55.0,9.0,1018.0,6.0,2.0,10.0,0.385,0.462,0.846,250.0,12.0,99.0,40.0
Tom Wilson,211.0,78.0,14.0,21.0,35.0,187.0,10.0,959.0,0.0,1.0,1.0,0.179,0.26899999999999996,0.449,123.0,11.4,250.0,51.0,167.0,63.0,22.0,18.0,40.0,128.0,11.0,1088.0,3.0,2.0,5.0,0.349,0.28600000000000003,0.635,130.0,16.9,200.0,52.0
Tomas Hertl,139.0,79.0,22.0,24.0,46.0,41.0,-2.0,1086.0,6.0,5.0,12.0,0.278,0.304,0.5820000000000001,175.0,12.6,84.0,71.0,38.0,77.0,35.0,39.0,74.0,18.0,5.0,1141.0,11.0,5.0,15.0,0.455,0.506,0.961,176.0,19.9,53.0,64.0
Tomas Tatar,220.0,82.0,20.0,14.0,34.0,34.0,-19.0,975.0,9.0,4.0,13.0,0.244,0.171,0.415,174.0,11.5,67.0,29.0,77.0,80.0,25.0,33.0,58.0,34.0,21.0,984.0,4.0,4.0,8.0,0.313,0.413,0.725,195.0,12.8,77.0,30.0
Torey Krug,80.0,76.0,14.0,45.0,59.0,36.0,0.0,1224.0,5.0,4.0,24.0,0.184,0.5920000000000001,0.7759999999999999,197.0,7.1,79.0,73.0,101.0,64.0,6.0,47.0,53.0,33.0,-2.0,1278.0,2.0,2.0,30.0,0.094,0.7340000000000001,0.828,151.0,4.0,53.0,60.0
Travis Konecny,132.0,81.0,24.0,23.0,47.0,46.0,17.0,894.0,1.0,6.0,3.0,0.29600000000000004,0.284,0.58,177.0,13.6,97.0,53.0,113.0,82.0,24.0,25.0,49.0,40.0,-4.0,915.0,4.0,3.0,8.0,0.293,0.305,0.598,182.0,13.2,65.0,45.0
Tyler Bozak,162.0,81.0,11.0,32.0,43.0,28.0,6.0,938.0,3.0,2.0,13.0,0.136,0.395,0.531,154.0,7.1,43.0,28.0,183.0,72.0,13.0,25.0,38.0,20.0,-3.0,980.0,2.0,3.0,8.0,0.18100000000000002,0.34700000000000003,0.528,141.0,9.2,52.0,33.0
Tyler Johnson,116.0,81.0,21.0,29.0,50.0,24.0,3.0,1019.0,4.0,3.0,13.0,0.259,0.358,0.617,186.0,11.3,48.0,47.0,121.0,80.0,29.0,18.0,47.0,28.0,15.0,956.0,1.0,4.0,8.0,0.363,0.225,0.588,163.0,17.8,50.0,32.0
Tyler Myers,204.0,82.0,6.0,30.0,36.0,48.0,9.0,1285.0,3.0,3.0,17.0,0.073,0.366,0.439,150.0,4.0,68.0,119.0,254.0,80.0,9.0,22.0,31.0,63.0,11.0,1220.0,0.0,3.0,7.0,0.113,0.275,0.38799999999999996,156.0,5.8,97.0,99.0
Tyler Seguin,24.0,82.0,40.0,38.0,78.0,43.0,12.0,1254.0,14.0,6.0,25.0,0.488,0.46299999999999997,0.951,335.0,11.9,74.0,44.0,28.0,82.0,33.0,47.0,80.0,18.0,17.0,1244.0,9.0,8.0,27.0,0.402,0.573,0.976,334.0,9.9,74.0,47.0
Tyler Toffoli,133.0,82.0,24.0,23.0,47.0,16.0,9.0,966.0,6.0,6.0,12.0,0.293,0.28,0.573,250.0,9.6,75.0,17.0,220.0,82.0,13.0,21.0,34.0,23.0,-16.0,1032.0,3.0,3.0,5.0,0.159,0.256,0.415,226.0,5.8,39.0,23.0
Tyson Barrie,84.0,68.0,14.0,43.0,57.0,22.0,-15.0,1361.0,7.0,3.0,30.0,0.20600000000000002,0.632,0.838,178.0,7.9,40.0,79.0,76.0,78.0,14.0,45.0,59.0,36.0,-3.0,1306.0,2.0,2.0,25.0,0.179,0.5770000000000001,0.7559999999999999,218.0,6.4,48.0,93.0
Valtteri Filppula,236.0,81.0,11.0,22.0,33.0,20.0,-7.0,988.0,3.0,4.0,4.0,0.136,0.272,0.40700000000000003,70.0,15.7,25.0,55.0,244.0,72.0,17.0,14.0,31.0,16.0,19.0,856.0,0.0,4.0,0.0,0.23600000000000002,0.19399999999999998,0.431,78.0,21.8,12.0,34.0
Victor Hedman,60.0,77.0,17.0,46.0,63.0,54.0,32.0,1550.0,2.0,1.0,26.0,0.221,0.597,0.818,216.0,7.9,139.0,110.0,93.0,70.0,12.0,42.0,54.0,44.0,24.0,1366.0,2.0,4.0,25.0,0.171,0.6,0.7709999999999999,182.0,6.6,59.0,97.0
Viktor Arvidsson,67.0,78.0,29.0,32.0,61.0,36.0,20.0,1064.0,3.0,6.0,8.0,0.37200000000000005,0.41,0.782,247.0,11.7,30.0,52.0,115.0,58.0,34.0,14.0,48.0,26.0,12.0,1148.0,3.0,7.0,4.0,0.586,0.24100000000000002,0.828,195.0,17.4,18.0,23.0
Vincent Trocheck,29.0,82.0,31.0,44.0,75.0,54.0,-9.0,1281.0,13.0,5.0,27.0,0.37799999999999995,0.537,0.915,287.0,10.8,145.0,55.0,224.0,55.0,10.0,24.0,34.0,54.0,-9.0,1179.0,3.0,1.0,13.0,0.182,0.436,0.618,158.0,6.3,112.0,42.0
Vladimir Tarasenko,44.0,80.0,33.0,33.0,66.0,17.0,15.0,1143.0,6.0,5.0,16.0,0.413,0.413,0.825,306.0,10.8,89.0,37.0,58.0,76.0,33.0,35.0,68.0,22.0,8.0,1103.0,12.0,5.0,22.0,0.434,0.461,0.895,275.0,12.0,88.0,40.0
Vladislav Namestnikov,127.0,81.0,22.0,26.0,48.0,45.0,6.0,1023.0,9.0,2.0,16.0,0.272,0.321,0.593,155.0,14.2,79.0,44.0,249.0,78.0,11.0,20.0,31.0,44.0,-7.0,947.0,1.0,3.0,3.0,0.141,0.256,0.397,119.0,9.2,140.0,62.0
Wayne Simmonds,138.0,75.0,24.0,22.0,46.0,57.0,-16.0,1085.0,11.0,5.0,17.0,0.32,0.293,0.613,176.0,13.6,129.0,54.0,258.0,79.0,17.0,13.0,30.0,99.0,-16.0,939.0,5.0,2.0,8.0,0.215,0.165,0.38,157.0,10.8,137.0,28.0
Will Butcher,156.0,81.0,5.0,39.0,44.0,8.0,1.0,963.0,3.0,1.0,23.0,0.062,0.48100000000000004,0.5429999999999999,88.0,5.7,21.0,62.0,266.0,78.0,4.0,26.0,30.0,18.0,-17.0,1156.0,1.0,1.0,14.0,0.051,0.33299999999999996,0.385,108.0,3.7,38.0,74.0
William Karlsson,23.0,82.0,43.0,35.0,78.0,12.0,49.0,1123.0,8.0,6.0,16.0,0.524,0.42700000000000005,0.951,184.0,23.4,48.0,45.0,82.0,82.0,24.0,32.0,56.0,16.0,1.0,1130.0,7.0,5.0,14.0,0.293,0.39,0.6829999999999999,169.0,14.2,51.0,55.0
William Nylander,70.0,82.0,20.0,41.0,61.0,10.0,20.0,1001.0,5.0,8.0,12.0,0.244,0.5,0.7440000000000001,184.0,10.9,21.0,18.0,299.0,54.0,7.0,20.0,27.0,16.0,-4.0,930.0,1.0,0.0,6.0,0.13,0.37,0.5,130.0,5.4,16.0,14.0
Yanni Gourde,56.0,82.0,25.0,39.0,64.0,50.0,34.0,969.0,7.0,5.0,13.0,0.305,0.47600000000000003,0.78,136.0,18.4,57.0,42.0,118.0,80.0,22.0,26.0,48.0,66.0,9.0,950.0,5.0,5.0,9.0,0.275,0.325,0.6,130.0,16.9,83.0,30.0
Zach Hyman,178.0,82.0,15.0,25.0,40.0,37.0,22.0,1041.0,0.0,2.0,0.0,0.183,0.305,0.488,148.0,10.1,117.0,55.0,160.0,71.0,21.0,20.0,41.0,65.0,16.0,1036.0,0.0,4.0,0.0,0.29600000000000004,0.282,0.5770000000000001,144.0,14.6,102.0,39.0
Zachary Werenski,192.0,77.0,16.0,21.0,37.0,16.0,8.0,1354.0,3.0,3.0,10.0,0.20800000000000002,0.273,0.48100000000000004,207.0,7.7,58.0,92.0,145.0,82.0,11.0,33.0,44.0,18.0,-12.0,1373.0,2.0,1.0,15.0,0.134,0.402,0.537,168.0,6.6,67.0,89.0
