Rk,Name,GP,G,A,P,PIM,+/-,TOI,PPG,GWG,PPP,G/GP,A/GP,P/GP,SHOTS,SH%,HITS,BS
1,Connor McDavid,82,41,67,108,26,20,21:32,5,7,20,0.5,0.817,1.317,274,15.00%,28,46
2,Claude Giroux,82,34,68,102,20,28,20:21,9,1,36,0.415,0.829,1.244,193,17.60%,30,23
3,Nikita Kucherov,80,39,61,100,42,15,19:48,8,7,36,0.488,0.763,1.25,279,14.00%,31,15
4,Evgeni Malkin,78,42,56,98,87,16,18:59,14,7,38,0.538,0.718,1.256,239,17.60%,48,32
5,Nathan MacKinnon,74,39,58,97,55,11,19:53,12,12,32,0.527,0.784,1.311,284,13.70%,38,22
6,Taylor Hall,76,39,54,93,34,14,19:07,13,7,37,0.513,0.711,1.224,278,14.00%,72,44
7,Anze Kopitar,82,35,57,92,20,21,22:05,7,6,27,0.427,0.695,1.122,200,17.50%,50,64
8,Phil Kessel,82,34,58,92,36,-4,18:41,12,6,42,0.415,0.707,1.122,261,13.00%,10,17
9,Blake Wheeler,81,23,68,91,52,13,20:14,6,2,40,0.284,0.84,1.123,246,9.40%,94,66
10,Sidney Crosby,82,29,60,89,46,0,20:41,9,6,38,0.354,0.732,1.085,247,11.70%,75,36
11,Alexander Ovechkin,82,49,38,87,32,3,20:08,17,7,31,0.598,0.463,1.061,355,13.80%,139,21
12,Steven Stamkos,78,27,59,86,72,18,18:45,15,1,33,0.346,0.756,1.103,212,12.70%,61,35
13,Brad Marchand,68,34,51,85,63,25,19:42,8,8,23,0.5,0.75,1.25,182,18.70%,37,25
14,Mathew Barzal,82,22,63,85,30,1,17:45,5,4,27,0.268,0.768,1.037,170,12.90%,21,31
15,Jakub Vorácek,82,20,65,85,50,10,19:27,5,3,35,0.244,0.793,1.037,228,8.80%,23,32
16,John Tavares,82,37,47,84,26,-12,19:55,12,3,30,0.451,0.573,1.024,257,14.40%,30,34
17,Mikko Rantanen,81,29,55,84,34,0,18:57,12,3,35,0.358,0.679,1.037,178,16.30%,32,40
18,Johnny Gaudreau,80,24,60,84,26,2,19:25,3,4,24,0.3,0.75,1.05,227,10.60%,16,18
19,Evgeny Kuznetsov,79,27,56,83,48,3,18:48,7,8,30,0.342,0.709,1.051,187,14.40%,50,26
20,Artemi Panarin,81,27,55,82,26,23,20:07,7,5,21,0.333,0.679,1.012,228,11.80%,15,19
21,David Pastrnak,82,35,45,80,37,10,17:59,13,5,26,0.427,0.549,0.976,246,14.20%,55,31
22,Jamie Benn,82,36,43,79,54,20,19:49,9,7,22,0.439,0.524,0.963,241,14.90%,140,62
23,William Karlsson,82,43,35,78,12,49,18:43,8,6,16,0.524,0.427,0.951,184,23.40%,48,45
24,Tyler Seguin,82,40,38,78,43,12,20:54,14,6,25,0.488,0.463,0.951,335,11.90%,74,44
25,Aleksander Barkov,79,27,51,78,14,9,22:04,5,3,17,0.342,0.646,0.987,256,10.60%,30,67
26,Eric Staal,82,42,34,76,42,8,17:48,11,4,17,0.512,0.415,0.927,241,17.40%,42,49
27,Sean Couturier,82,31,45,76,31,34,21:35,7,6,14,0.378,0.549,0.927,227,13.70%,74,44
28,Patrick Kane,82,27,49,76,32,-20,20:11,5,4,22,0.329,0.598,0.927,285,9.50%,18,14
29,Vincent Trocheck,82,31,44,75,54,-9,21:21,13,5,27,0.378,0.537,0.915,287,10.80%,145,55
30,Jonathan Marchessault,77,27,48,75,40,36,17:31,6,6,16,0.351,0.623,0.974,268,10.10%,99,26
31,Alexander Radulov,82,27,45,72,72,4,20:07,7,4,23,0.329,0.549,0.878,217,12.40%,77,64
32,Nicklas Bäckström,81,21,50,71,46,5,19:39,7,4,26,0.259,0.617,0.877,165,12.70%,37,51
33,Joshua Bailey,76,18,53,71,17,-20,17:53,5,3,31,0.237,0.697,0.934,151,11.90%,12,33
34,Patrik Laine,82,44,26,70,24,8,16:28,20,8,31,0.537,0.317,0.854,241,18.30%,74,43
35,Brayden Schenn,82,28,42,70,56,10,19:43,8,8,19,0.341,0.512,0.854,210,13.30%,154,37
36,Leon Draisaitl,78,25,45,70,30,-7,19:17,6,1,11,0.321,0.577,0.897,194,12.90%,40,24
37,Rickard Rakell,77,34,35,69,14,6,19:25,8,3,18,0.442,0.455,0.896,230,14.80%,115,30
38,Jonathan Huberdeau,82,27,42,69,32,-2,19:12,7,4,19,0.329,0.512,0.841,204,13.20%,41,42
39,Mitchell Marner,82,22,47,69,26,-1,16:23,8,2,27,0.268,0.573,0.841,194,11.30%,31,25
40,John Carlson,82,15,53,68,32,0,24:47,4,4,32,0.183,0.646,0.829,237,6.30%,47,146
41,Mikael Granlund,77,21,46,67,18,13,18:46,7,2,19,0.273,0.597,0.87,193,10.90%,47,45
42,Brent Burns,82,12,55,67,46,-16,25:14,5,2,27,0.146,0.671,0.817,332,3.60%,79,136
43,John Klingberg,82,8,59,67,26,10,24:04,1,3,23,0.098,0.72,0.817,204,3.90%,44,109
44,Vladimir Tarasenko,80,33,33,66,17,15,19:03,6,5,16,0.413,0.413,0.825,306,10.80%,89,37
45,Brayden Point,82,32,34,66,24,18,19:38,5,12,11,0.39,0.415,0.805,217,14.80%,26,57
46,Joe Pavelski,82,22,44,66,41,0,19:15,7,1,23,0.268,0.537,0.805,224,9.80%,93,70
47,David Perron,70,16,50,66,50,1,17:47,1,4,18,0.229,0.714,0.943,125,12.80%,118,20
48,Sebastian Aho,78,29,36,65,24,4,17:55,8,4,16,0.372,0.462,0.833,200,14.50%,65,17
49,Evgeny Dadonov,74,28,37,65,8,10,18:41,6,6,13,0.378,0.5,0.878,188,14.90%,27,33
50,Clayton Keller,82,23,42,65,24,-7,18:05,6,3,20,0.28,0.512,0.793,212,10.90%,7,28
51,Shayne Gostisbehere,78,13,52,65,25,10,21:27,7,2,33,0.167,0.667,0.833,221,5.90%,53,116
52,Jason Zucker,82,33,31,64,44,8,16:57,7,7,16,0.402,0.378,0.78,222,14.90%,80,47
53,Sean Monahan,74,31,33,64,24,3,18:41,9,11,19,0.419,0.446,0.865,202,15.40%,35,17
54,Filip Forsberg,67,26,38,64,38,27,17:28,13,6,21,0.388,0.567,0.955,179,14.50%,86,37
55,Jack Eichel,67,25,39,64,32,-25,20:09,3,4,20,0.373,0.582,0.955,246,10.20%,52,35
56,Yanni Gourde,82,25,39,64,50,34,16:09,7,5,13,0.305,0.476,0.78,136,18.40%,57,42
57,Teuvo Teräväinen,82,23,41,64,14,8,16:53,5,3,20,0.28,0.5,0.78,185,12.40%,26,22
58,Auston Matthews,62,34,29,63,12,25,18:07,5,5,13,0.548,0.468,1.016,187,18.20%,16,61
59,Patrice Bergeron,64,30,33,63,26,21,19:26,10,6,21,0.469,0.516,0.984,224,13.40%,48,42
60,Victor Hedman,77,17,46,63,54,32,25:50,2,1,26,0.221,0.597,0.818,216,7.90%,139,110
61,Dylan Larkin,82,16,47,63,61,-9,19:50,1,4,8,0.195,0.573,0.768,232,6.90%,76,42
62,Anders Lee,82,40,22,62,44,-25,17:16,14,2,22,0.488,0.268,0.756,208,19.20%,102,38
63,Gabriel Landeskog,78,25,37,62,37,16,20:08,8,1,17,0.321,0.474,0.795,183,13.70%,149,51
64,Mark Stone,58,20,42,62,10,9,20:39,1,3,11,0.345,0.724,1.069,132,15.20%,53,39
65,Erik Karlsson,71,9,53,62,36,-25,26:42,3,2,18,0.127,0.746,0.873,196,4.60%,58,120
66,Logan Couture,78,34,27,61,18,-2,18:32,10,4,21,0.436,0.346,0.782,204,16.70%,33,72
67,Viktor Arvidsson,78,29,32,61,36,20,17:44,3,6,8,0.372,0.41,0.782,247,11.70%,30,52
68,Dustin Brown,81,28,33,61,58,31,19:50,9,6,15,0.346,0.407,0.753,222,12.60%,189,33
69,Ryan O'Reilly,81,24,37,61,2,-23,20:49,15,3,23,0.296,0.457,0.753,230,10.40%,42,48
70,William Nylander,82,20,41,61,10,20,16:41,5,8,12,0.244,0.5,0.744,184,10.90%,21,18
71,Ryan Getzlaf,56,11,50,61,42,20,21:26,0,0,13,0.196,0.893,1.089,117,9.40%,96,57
72,Nikolaj Ehlers,82,29,31,60,26,14,16:05,7,7,13,0.354,0.378,0.732,231,12.60%,39,27
73,Mark Scheifele,60,23,37,60,18,19,20:39,8,3,16,0.383,0.617,1,125,18.40%,57,31
74,Reilly Smith,67,22,38,60,24,31,17:55,7,4,14,0.328,0.567,0.896,162,13.60%,40,24
75,Drew Doughty,82,10,50,60,54,23,26:49,3,4,20,0.122,0.61,0.732,205,4.90%,127,128
76,Matt Duchene,82,27,32,59,18,-22,18:19,9,3,13,0.329,0.39,0.72,190,14.20%,60,49
77,Jordan Eberle,81,25,34,59,21,5,16:04,3,7,10,0.309,0.42,0.728,183,13.70%,46,30
78,Jaden Schwartz,62,24,35,59,26,15,19:23,6,3,11,0.387,0.565,0.952,157,15.30%,52,30
79,P.K. Subban,82,16,43,59,82,18,24:06,5,2,25,0.195,0.524,0.72,207,7.70%,111,90
80,Torey Krug,76,14,45,59,36,0,20:24,5,4,24,0.184,0.592,0.776,197,7.10%,79,73
81,J.T. Miller,82,23,35,58,40,-4,17:01,11,5,18,0.28,0.427,0.707,143,16.10%,124,26
82,Kyle Connor,76,31,26,57,16,8,16:54,7,7,11,0.408,0.342,0.75,192,16.20%,18,26
83,Seth Jones,78,16,41,57,30,10,24:35,7,4,24,0.205,0.526,0.731,249,6.40%,92,124
84,Tyson Barrie,68,14,43,57,22,-15,22:41,7,3,30,0.206,0.632,0.838,178,7.90%,40,79
85,Thomas Vanek,80,24,32,56,36,-3,14:05,4,1,15,0.3,0.4,0.7,168,14.30%,36,18
86,Mike Hoffman,82,22,34,56,32,-20,18:24,8,5,21,0.268,0.415,0.683,257,8.60%,31,34
87,Derek Stepan,82,14,42,56,26,-7,19:15,3,2,18,0.171,0.512,0.683,209,6.70%,52,54
88,Henrik Zetterberg,82,11,45,56,14,1,19:29,1,2,18,0.134,0.549,0.683,180,6.10%,49,34
89,Keith Yandle,82,8,48,56,35,7,24:29,1,1,18,0.098,0.585,0.683,179,4.50%,26,101
90,Nazem Kadri,80,32,23,55,42,2,16:45,12,3,19,0.4,0.288,0.688,211,15.20%,94,26
91,Brock Boeser,62,29,26,55,16,-5,17:29,10,4,23,0.468,0.419,0.887,179,16.20%,29,24
92,Erik Haula,76,29,26,55,37,-16,17:22,11,4,18,0.382,0.342,0.724,175,16.60%,85,42
93,Daniel Sedin,81,23,32,55,40,-21,15:15,9,5,23,0.284,0.395,0.679,189,12.20%,38,2
94,James van Riemsdyk,81,36,18,54,30,1,14:53,11,5,20,0.444,0.222,0.667,248,14.50%,40,23
95,Brendan Gallagher,82,31,23,54,34,-13,16:10,8,4,17,0.378,0.28,0.659,278,11.20%,90,41
96,Evander Kane,78,29,25,54,82,-9,19:34,3,2,9,0.372,0.321,0.692,307,9.50%,159,34
97,Alex Pietrangelo,78,15,39,54,22,8,25:44,3,5,13,0.192,0.5,0.692,216,6.90%,48,164
98,Ryan Johansen,79,15,39,54,78,13,18:33,1,3,15,0.19,0.494,0.684,129,11.60%,87,35
99,Mats Zuccarello,80,16,37,53,36,-10,18:55,1,3,17,0.2,0.463,0.663,178,9.00%,62,67
100,Paul Stastny,82,16,37,53,18,1,18:18,3,3,9,0.195,0.451,0.646,159,10.10%,43,38
101,Roman Josi,75,14,39,53,24,24,24:28,7,3,20,0.187,0.52,0.707,253,5.50%,80,120
102,Alex DeBrincat,82,28,24,52,6,6,14:48,6,1,12,0.341,0.293,0.634,181,15.50%,40,25
103,Nick Schmaltz,78,21,31,52,18,1,18:13,4,2,13,0.269,0.397,0.667,118,17.80%,13,39
104,Jonathan Toews,74,20,32,52,47,-1,19:41,2,2,12,0.27,0.432,0.703,211,9.50%,32,24
105,Nico Hischier,82,20,32,52,26,10,16:18,1,2,6,0.244,0.39,0.634,180,11.10%,56,39
106,Morgan Rielly,76,6,46,52,14,-4,21:35,1,0,25,0.079,0.605,0.684,182,3.30%,48,84
107,Jake Gardiner,82,5,47,52,32,9,22:31,1,0,15,0.061,0.573,0.634,133,3.80%,51,103
108,Craig Smith,79,25,26,51,24,20,15:22,9,2,14,0.316,0.329,0.646,229,10.90%,60,35
109,Alex Galchenyuk,82,19,32,51,22,-31,16:14,9,2,24,0.232,0.39,0.622,213,8.90%,33,37
110,Kyle Turris,76,16,35,51,26,19,16:36,7,0,21,0.211,0.461,0.671,145,11.00%,21,35
111,Justin Williams,82,16,35,51,56,-9,16:35,2,2,12,0.195,0.427,0.622,198,8.10%,79,42
112,Kristopher Letang,79,9,42,51,56,-9,25:19,4,1,20,0.114,0.532,0.646,222,4.10%,109,108
113,Ryan Suter,78,6,45,51,34,-1,26:46,1,2,23,0.077,0.577,0.654,149,4.00%,78,138
114,Sam Reinhart,82,25,25,50,26,-24,17:06,12,5,21,0.305,0.305,0.61,188,13.30%,48,42
115,Adam Henrique,81,24,26,50,20,11,17:46,6,8,13,0.296,0.321,0.617,151,15.90%,61,61
116,Tyler Johnson,81,21,29,50,24,3,16:59,4,3,13,0.259,0.358,0.617,186,11.30%,48,47
117,Mathew Dumba,82,14,36,50,41,15,23:48,2,4,12,0.171,0.439,0.61,176,8.00%,136,112
118,Henrik Sedin,82,3,47,50,30,-22,15:32,0,0,17,0.037,0.573,0.61,67,4.50%,18,19
119,Patric Hörnqvist,70,29,20,49,58,2,17:18,15,1,22,0.414,0.286,0.7,247,11.70%,137,64
120,Matthew Tkachuk,68,24,25,49,61,-1,17:15,10,2,17,0.353,0.368,0.721,188,12.80%,80,16
121,Jeff Skinner,82,24,25,49,34,-27,16:42,4,2,9,0.293,0.305,0.598,277,8.70%,35,24
122,Nick Bjugstad,82,19,30,49,41,5,15:07,1,1,7,0.232,0.366,0.598,230,8.30%,95,19
123,Corey Perry,71,17,32,49,71,-4,17:46,4,1,11,0.239,0.451,0.69,168,10.10%,59,36
124,Ryan Nugent-Hopkins,62,24,24,48,20,10,18:04,4,2,9,0.387,0.387,0.774,151,15.90%,44,39
125,Anthony Mantha,80,24,24,48,52,-1,17:17,9,2,12,0.3,0.3,0.6,190,12.60%,91,36
126,Kevin Fiala,80,23,25,48,26,20,15:08,4,4,13,0.288,0.313,0.6,187,12.30%,34,27
127,Vladislav Namestnikov,81,22,26,48,45,6,17:03,9,2,16,0.272,0.321,0.593,155,14.20%,79,44
128,Jake Guentzel,82,22,26,48,42,-9,16:29,7,1,12,0.268,0.317,0.585,171,12.90%,142,46
129,Pierre-Luc Dubois,82,20,28,48,49,8,16:37,6,4,15,0.244,0.341,0.585,165,12.10%,127,46
130,Mika Zibanejad,72,27,20,47,14,-23,17:57,14,4,21,0.375,0.278,0.653,212,12.70%,92,64
131,Patrick Marleau,82,27,20,47,16,1,16:59,5,5,9,0.329,0.244,0.573,203,13.30%,85,26
132,Travis Konecny,81,24,23,47,46,17,14:54,1,6,3,0.296,0.284,0.58,177,13.60%,97,53
133,Tyler Toffoli,82,24,23,47,16,9,16:06,6,6,12,0.293,0.28,0.573,250,9.60%,75,17
134,T.J. Oshie,74,18,29,47,31,2,18:24,9,3,18,0.243,0.392,0.635,127,14.20%,124,54
135,Danton Heinen,77,16,31,47,16,10,15:01,2,4,12,0.208,0.403,0.61,135,11.90%,45,33
136,Alex Killorn,82,15,32,47,45,22,16:30,2,1,9,0.183,0.39,0.573,156,9.60%,82,25
137,Cam Atkinson,65,24,22,46,14,19,18:55,3,5,10,0.369,0.338,0.708,231,10.40%,32,29
138,Wayne Simmonds,75,24,22,46,57,-16,18:05,11,5,17,0.32,0.293,0.613,176,13.60%,129,54
139,Tomas Hertl,79,22,24,46,41,-2,18:06,6,5,12,0.278,0.304,0.582,175,12.60%,84,71
140,Derick Brassard,72,21,25,46,34,0,17:43,5,3,6,0.292,0.347,0.639,197,10.70%,96,25
141,Jordan Staal,79,19,27,46,26,-4,19:14,4,2,12,0.241,0.342,0.582,160,11.90%,181,32
142,Alexander Steen,76,15,31,46,20,-11,18:42,4,2,14,0.197,0.408,0.605,168,8.90%,53,58
143,Jonathan Drouin,77,13,33,46,30,-28,17:37,4,4,22,0.169,0.429,0.597,164,7.90%,55,27
144,Mikko Koivu,82,14,31,45,46,9,18:29,3,2,14,0.171,0.378,0.549,170,8.20%,51,53
145,Mikael Backlund,82,14,31,45,78,-21,19:01,3,2,11,0.171,0.378,0.549,214,6.50%,54,40
146,Max Domi,82,9,36,45,73,-7,16:42,1,0,9,0.11,0.439,0.549,150,6.00%,49,28
147,Dustin Byfuglien,69,8,37,45,112,15,24:20,4,1,22,0.116,0.536,0.652,193,4.20%,147,100
148,James Neal,71,25,19,44,24,-11,17:07,5,6,9,0.352,0.268,0.62,202,12.40%,44,30
149,Kevin Hayes,76,25,19,44,18,1,17:21,6,4,8,0.329,0.25,0.579,172,14.50%,40,36
150,Kyle Palmieri,62,24,20,44,30,-1,17:18,11,5,23,0.387,0.323,0.71,181,13.30%,94,50
151,Bo Horvat,64,22,22,44,10,-1,19:21,10,3,13,0.344,0.344,0.688,158,13.90%,35,29
152,David Krejcí,64,17,27,44,18,10,16:52,7,2,13,0.266,0.422,0.688,119,14.30%,31,35
153,Dougie Hamilton,82,17,27,44,64,1,21:30,6,4,12,0.207,0.329,0.537,270,6.30%,83,80
154,Elias Lindholm,81,16,28,44,18,-8,17:52,6,4,9,0.198,0.346,0.543,153,10.50%,98,41
155,Kyle Okposo,76,15,29,44,40,-34,17:01,6,2,21,0.197,0.382,0.579,161,9.30%,70,34
156,Will Butcher,81,5,39,44,8,1,16:03,3,1,23,0.062,0.481,0.543,88,5.70%,21,62
157,Alexander Kerfoot,79,19,24,43,28,-7,13:25,5,0,17,0.241,0.304,0.544,81,23.50%,42,35
158,Patrick Maroon,74,17,26,43,73,1,16:32,1,4,7,0.23,0.351,0.581,141,12.10%,150,14
159,Jake DeBrusk,70,16,27,43,19,13,14:22,2,5,9,0.229,0.386,0.614,143,11.20%,70,26
160,Bryan Little,82,16,27,43,28,2,16:56,2,2,12,0.195,0.329,0.524,129,12.40%,50,33
161,Pavel Buchnevich,74,14,29,43,20,-3,15:00,5,4,17,0.189,0.392,0.581,136,10.30%,51,35
162,Tyler Bozak,81,11,32,43,28,6,15:38,3,2,13,0.136,0.395,0.531,154,7.10%,43,28
163,Oliver Ekman-Larsson,82,14,28,42,44,-28,23:40,6,3,15,0.171,0.341,0.512,202,6.90%,160,79
164,Jeff Petry,82,12,30,42,28,-30,23:29,6,2,23,0.146,0.366,0.512,178,6.70%,167,138
165,Nick Leddy,80,10,32,42,20,-42,22:25,4,1,14,0.125,0.4,0.525,153,6.50%,95,104
166,Jake Muzzin,74,8,34,42,40,10,21:39,4,1,14,0.108,0.459,0.568,154,5.20%,170,123
167,Ryan Dzingel,79,23,18,41,35,-17,16:29,4,2,8,0.291,0.228,0.519,136,16.90%,60,19
168,Michael Ferland,77,21,20,41,24,5,15:00,6,0,6,0.273,0.26,0.532,144,14.60%,171,30
169,Ivan Provorov,82,17,24,41,20,17,24:08,2,2,5,0.207,0.293,0.5,203,8.40%,148,169
170,Riley Nash,76,15,26,41,18,16,15:24,2,1,3,0.197,0.342,0.539,113,13.30%,86,67
171,Ryan Spooner,59,13,28,41,4,6,15:17,1,3,7,0.22,0.475,0.695,107,12.20%,66,16
172,Colin Miller,82,10,31,41,53,-4,19:20,5,2,17,0.122,0.378,0.5,177,5.70%,165,64
173,Rasmus Ristolainen,73,6,35,41,48,-25,26:30,1,1,23,0.082,0.479,0.562,182,3.30%,206,111
174,Gustav Nyquist,82,21,19,40,20,-2,17:50,3,2,8,0.256,0.232,0.488,213,9.90%,65,36
175,Jakob Silfverberg,77,17,23,40,18,6,17:57,2,2,8,0.221,0.299,0.519,187,9.10%,52,61
176,Chris Tierney,82,17,23,40,8,0,15:59,3,2,7,0.207,0.28,0.488,118,14.40%,26,45
177,Tanner Pearson,82,15,25,40,27,11,15:57,2,4,5,0.183,0.305,0.488,180,8.30%,116,36
178,Zach Hyman,82,15,25,40,37,22,17:21,0,2,0,0.183,0.305,0.488,148,10.10%,117,55
179,Kevin Labanc,77,11,29,40,32,-6,14:20,4,3,17,0.143,0.377,0.519,156,7.10%,31,23
180,Oliver Bjorkstrand,82,11,29,40,9,4,14:16,3,2,9,0.134,0.354,0.488,163,6.80%,64,43
181,Mikhail Sergachyov,79,9,31,40,38,11,15:22,3,5,16,0.114,0.392,0.506,141,6.40%,90,64
182,Mathieu Perreault,70,17,22,39,38,4,14:28,6,2,14,0.243,0.314,0.557,139,12.20%,120,25
183,Ondrej Kase,66,20,18,38,14,18,13:55,1,5,3,0.303,0.273,0.576,146,13.70%,28,26
184,Lars Eller,81,18,20,38,38,-6,15:17,3,2,6,0.222,0.247,0.469,161,11.20%,71,69
185,Aaron Ekblad,82,16,22,38,71,9,23:22,5,4,11,0.195,0.268,0.463,189,8.50%,69,121
186,Derek Ryan,80,15,23,38,28,-15,15:36,3,1,7,0.188,0.288,0.475,135,11.10%,52,27
187,Bryan Rust,69,13,25,38,26,11,16:02,2,3,4,0.188,0.362,0.551,123,10.60%,97,40
188,Mark Giordano,82,13,25,38,63,0,24:47,1,4,10,0.159,0.305,0.463,214,6.10%,93,161
189,Max Pacioretty,64,17,20,37,30,-16,19:00,6,4,15,0.266,0.313,0.578,212,8.00%,118,27
190,Chris Kreider,58,16,21,37,44,-2,15:36,7,0,12,0.276,0.362,0.638,137,11.70%,103,24
191,Carl Söderberg,77,16,21,37,26,1,17:21,3,3,5,0.208,0.273,0.481,150,10.70%,71,64
192,Zachary Werenski,77,16,21,37,16,8,22:34,3,3,10,0.208,0.273,0.481,207,7.70%,58,92
193,Adrian Kempe,81,16,21,37,49,11,13:19,1,3,5,0.198,0.259,0.457,119,13.50%,91,18
194,Mikkel Bødker,74,15,22,37,12,0,13:21,4,4,8,0.203,0.297,0.5,119,12.60%,41,24
195,Alex Tuch,78,15,22,37,27,3,15:13,4,4,10,0.192,0.282,0.474,171,8.80%,99,42
196,Christian Dvorak,78,15,22,37,22,-19,16:25,2,2,7,0.192,0.282,0.474,151,9.90%,92,48
197,Charlie Coyle,66,11,26,37,18,8,16:31,0,1,3,0.167,0.394,0.561,117,9.40%,76,63
198,Jared Spurgeon,61,9,28,37,8,-6,24:32,3,2,13,0.148,0.459,0.607,110,8.20%,64,127
199,Josh Manson,80,7,30,37,62,34,20:21,0,2,0,0.088,0.375,0.463,117,6.00%,180,99
200,Michael Grabner,80,27,9,36,16,11,14:49,0,3,1,0.338,0.113,0.45,167,16.20%,68,37
201,Anthony Beauvillier,71,21,15,36,16,2,14:32,3,2,8,0.296,0.211,0.507,132,15.90%,80,29
202,Timo Meier,81,21,15,36,51,2,14:51,3,4,4,0.259,0.185,0.444,210,10.00%,105,48
203,Joe Thornton,47,13,23,36,38,-9,18:21,7,1,18,0.277,0.489,0.766,75,17.30%,32,18
204,Tyler Myers,82,6,30,36,48,9,21:25,3,3,17,0.073,0.366,0.439,150,4.00%,68,119
205,Nate Schmidt,76,5,31,36,16,19,22:11,1,1,11,0.066,0.408,0.474,103,4.90%,41,121
206,Paul Byron,82,20,15,35,23,-4,16:07,2,1,4,0.244,0.183,0.427,115,17.40%,137,55
207,Brock Nelson,82,19,16,35,43,-4,14:44,4,3,8,0.232,0.195,0.427,138,13.80%,50,52
208,Brandon Saad,82,18,17,35,14,-10,17:30,1,8,1,0.22,0.207,0.427,237,7.60%,29,32
209,Calle Järnkrok,68,16,19,35,12,20,15:53,1,3,4,0.235,0.279,0.515,105,15.20%,36,31
210,Richard Panik,72,14,21,35,38,7,15:11,4,0,6,0.194,0.292,0.486,136,10.30%,137,37
211,Tom Wilson,78,14,21,35,187,10,15:59,0,1,1,0.179,0.269,0.449,123,11.40%,250,51
212,Jesper Bratt,74,13,22,35,18,-16,15:14,4,2,12,0.176,0.297,0.473,100,13.00%,44,22
213,Justin Abdelkader,75,13,22,35,78,-11,16:32,4,0,9,0.173,0.293,0.467,110,11.80%,174,40
214,Alex Goligoski,78,12,23,35,26,-31,23:16,3,3,11,0.154,0.295,0.449,119,10.10%,114,154
215,Andrew Cogliano,80,12,23,35,41,18,15:11,0,1,0,0.15,0.288,0.438,175,6.90%,80,31
216,Ondrej Palat,56,11,24,35,6,16,17:01,4,0,9,0.196,0.429,0.625,109,10.10%,80,48
217,Alexander Wennberg,66,8,27,35,12,22,18:07,3,2,5,0.121,0.409,0.53,74,10.80%,28,46
218,Colton Parayko,82,6,29,35,13,-7,22:36,2,0,9,0.073,0.354,0.427,212,2.80%,120,141
219,Rick Nash,71,21,13,34,28,-12,17:03,5,2,7,0.296,0.183,0.479,230,9.10%,51,42
220,Tomas Tatar,82,20,14,34,34,-19,16:15,9,4,13,0.244,0.171,0.415,174,11.50%,67,29
221,Mattias Janmark-Nylén,81,19,15,34,24,-13,16:56,4,4,5,0.235,0.185,0.42,136,14.00%,15,41
222,Jason Pominville,82,16,18,34,8,-17,14:53,5,1,7,0.195,0.22,0.415,168,9.50%,39,35
223,Blake Comeau,79,13,21,34,50,6,15:52,0,3,0,0.165,0.266,0.43,123,10.60%,145,38
224,Ryan Strome,82,13,21,34,33,-4,15:13,2,3,6,0.159,0.256,0.415,147,8.80%,43,17
225,Mattias Ekholm,81,10,24,34,46,25,23:34,5,1,13,0.123,0.296,0.42,135,7.40%,75,117
226,Milan Lucic,82,10,24,34,80,-12,15:57,3,1,7,0.122,0.293,0.415,147,6.80%,254,25
227,Alexander Edler,70,6,28,34,68,-18,24:18,1,2,15,0.086,0.4,0.486,172,3.50%,157,203
228,Radek Faksa,79,17,16,33,36,21,15:15,0,3,0,0.215,0.203,0.418,118,14.40%,101,56
229,Andreas Athanasiou,71,16,17,33,16,-15,15:18,1,2,3,0.225,0.239,0.465,170,9.40%,24,28
230,Frans Nielsen,79,16,17,33,14,1,15:49,4,3,7,0.203,0.215,0.418,134,11.90%,49,62
231,Nick Foligno,72,15,18,33,50,1,18:21,2,1,4,0.208,0.25,0.458,137,11.00%,182,60
232,Christian Fischer,79,15,18,33,14,-17,13:54,5,3,8,0.19,0.228,0.418,154,9.70%,109,23
233,David Backes,57,14,19,33,53,2,15:23,2,1,6,0.246,0.333,0.579,160,8.80%,137,25
234,Jesper Fast,71,13,20,33,26,-10,14:53,0,0,0,0.183,0.282,0.465,80,16.30%,130,44
235,Bobby Ryan,62,11,22,33,14,-12,16:26,1,1,4,0.177,0.355,0.532,112,9.80%,97,52
236,Valtteri Filppula,81,11,22,33,20,-7,16:28,3,4,4,0.136,0.272,0.407,70,15.70%,25,55
237,Kyle Brodziak,81,10,23,33,33,13,13:27,0,2,0,0.123,0.284,0.407,113,8.90%,83,55
238,Mike Green,66,8,25,33,38,-14,22:04,1,0,13,0.121,0.379,0.5,132,6.10%,78,74
239,Justin Braun,81,5,28,33,28,7,21:19,0,0,0,0.062,0.346,0.407,115,4.40%,143,152
240,Miles Wood,76,19,13,32,84,-6,12:27,3,2,3,0.25,0.171,0.421,170,11.20%,75,22
241,Nino Niederreiter,63,18,14,32,36,14,15:00,7,4,8,0.286,0.222,0.508,133,13.50%,58,20
242,Joonas Donskoi,66,14,18,32,26,10,14:58,1,2,5,0.212,0.273,0.485,129,10.90%,28,28
243,Boone Jenner,75,13,19,32,39,1,16:27,2,2,3,0.173,0.253,0.427,187,7.00%,205,83
244,Marc-Edouard Vlasic,81,11,21,32,34,9,22:33,1,2,3,0.136,0.259,0.395,161,6.80%,26,174
245,Riley Sheahan,81,11,21,32,8,4,14:40,1,1,2,0.136,0.259,0.395,109,10.10%,52,50
246,Devin Shore,82,11,21,32,14,-30,15:25,2,1,11,0.134,0.256,0.39,123,8.90%,71,57
247,Ryan Pulock,68,10,22,32,14,-4,18:24,5,0,11,0.147,0.324,0.471,184,5.40%,113,86
248,Noah Hanifin,79,10,22,32,21,-20,18:51,1,3,7,0.127,0.278,0.405,165,6.10%,81,69
249,Ryan Ellis,44,9,23,32,6,26,23:21,2,2,5,0.205,0.523,0.727,110,8.20%,27,84
250,Brandon Montour,80,9,23,32,42,16,20:28,5,5,12,0.113,0.288,0.4,160,5.60%,96,83
,,,,,,,,,,,,,,,,,,
1,Nikita Kucherov,82,41,87,128,62,24,19:57,15,8,48,0.5,1.061,1.561,246,16.70%,44,31
2,Connor McDavid,78,41,75,116,20,3,22:50,9,9,33,0.526,0.962,1.487,240,17.10%,39,30
3,Patrick Kane,81,44,66,110,22,2,22:29,9,7,30,0.543,0.815,1.358,341,12.90%,21,18
4,Leon Draisaitl,82,50,55,105,52,2,22:35,16,5,29,0.61,0.671,1.28,231,21.70%,57,26
5,Brad Marchand,79,36,64,100,96,15,19:37,10,9,34,0.456,0.81,1.266,231,15.60%,46,19
6,Sidney Crosby,79,35,65,100,36,18,20:59,12,3,29,0.443,0.823,1.266,220,15.90%,85,43
7,Nathan MacKinnon,82,41,58,99,34,20,22:05,12,6,37,0.5,0.707,1.207,365,11.20%,54,31
8,Johnny Gaudreau,82,36,63,99,24,18,20:04,6,8,27,0.439,0.768,1.207,245,14.70%,12,12
9,Steven Stamkos,82,45,53,98,37,4,18:18,19,6,40,0.549,0.646,1.195,234,19.20%,72,40
10,Aleksander Barkov,82,35,61,96,8,-3,22:21,13,5,31,0.427,0.744,1.171,206,17.00%,28,61
11,Mitchell Marner,82,26,68,94,22,22,19:49,3,5,21,0.317,0.829,1.146,233,11.20%,29,43
12,Brayden Point,79,41,51,92,28,27,18:55,20,7,35,0.519,0.646,1.165,191,21.50%,31,43
13,Jonathan Huberdeau,82,30,62,92,40,-14,18:51,11,5,34,0.366,0.756,1.122,226,13.30%,57,45
14,Blake Wheeler,82,20,71,91,60,0,20:42,2,3,33,0.244,0.866,1.11,231,8.70%,81,53
15,Alexander Ovechkin,81,51,38,89,40,7,20:55,18,5,28,0.63,0.469,1.099,338,15.10%,223,41
16,John Tavares,82,47,41,88,34,19,19:05,10,8,19,0.573,0.5,1.073,286,16.40%,59,53
17,Mikko Rantanen,74,31,56,87,54,13,20:50,16,4,33,0.419,0.757,1.176,193,16.10%,59,41
18,Artemi Panarin,79,28,59,87,23,14,19:51,6,8,18,0.354,0.747,1.101,191,14.70%,14,17
19,Claude Giroux,82,22,63,85,24,9,21:27,2,4,23,0.268,0.768,1.037,229,9.60%,28,19
20,Mark Scheifele,82,38,46,84,38,8,21:51,12,6,23,0.463,0.561,1.024,199,19.10%,54,54
21,Sebastian Aho,82,30,53,83,26,25,20:09,3,7,24,0.366,0.646,1.012,243,12.40%,65,34
22,Brent Burns,82,16,67,83,34,13,25:05,7,6,28,0.195,0.817,1.012,300,5.30%,90,105
23,Sean Monahan,78,34,48,82,12,7,19:03,12,5,23,0.436,0.615,1.051,211,16.10%,36,24
24,Jack Eichel,77,28,54,82,26,-11,20:26,8,2,26,0.364,0.701,1.065,303,9.20%,70,51
25,Phil Kessel,82,27,55,82,28,-19,17:58,12,10,36,0.329,0.671,1,215,12.60%,12,18
26,David Pastrnak,66,38,43,81,32,6,18:45,17,4,33,0.576,0.652,1.227,235,16.20%,57,25
27,Jonathan Toews,82,35,46,81,40,2,21:00,9,5,23,0.427,0.561,0.988,235,14.90%,42,44
28,Tyler Seguin,82,33,47,80,18,17,20:44,9,8,27,0.402,0.573,0.976,334,9.90%,74,47
29,Patrice Bergeron,65,32,47,79,30,23,18:28,9,3,27,0.492,0.723,1.215,205,15.60%,43,60
30,Elias Lindholm,81,27,51,78,20,30,20:02,9,5,26,0.333,0.63,0.963,182,14.80%,82,39
31,Matthew Tkachuk,80,34,43,77,62,14,17:35,11,2,24,0.425,0.538,0.963,207,16.40%,104,13
32,Ryan O'Reilly,82,28,49,77,12,22,20:45,6,5,22,0.341,0.598,0.939,234,12.00%,31,36
33,Alex DeBrincat,82,41,35,76,15,0,17:42,13,3,24,0.5,0.427,0.927,220,18.60%,35,26
34,Jake Guentzel,82,40,36,76,26,13,19:21,6,4,11,0.488,0.439,0.927,227,17.60%,105,47
35,Sean Couturier,80,33,43,76,34,2,22:07,8,5,17,0.413,0.538,0.95,223,14.80%,40,60
36,Teuvo Teräväinen,82,21,55,76,12,30,17:55,8,1,24,0.256,0.671,0.927,167,12.60%,35,23
37,Gabriel Landeskog,73,34,41,75,51,17,21:08,10,9,27,0.466,0.562,1.027,243,14.00%,120,64
38,Tomas Hertl,77,35,39,74,18,5,19:01,11,5,15,0.455,0.506,0.961,176,19.90%,53,64
39,Mika Zibanejad,82,30,44,74,47,-12,20:33,11,5,23,0.366,0.537,0.902,236,12.70%,134,66
40,Nicklas Bäckström,80,22,52,74,30,2,19:57,7,5,25,0.275,0.65,0.925,169,13.00%,54,30
41,Mark Giordano,78,17,57,74,69,39,24:14,3,2,21,0.218,0.731,0.949,221,7.70%,58,144
42,Auston Matthews,68,37,36,73,12,-9,18:33,12,5,20,0.544,0.529,1.074,251,14.70%,28,60
43,Mark Stone,77,33,40,73,27,17,19:53,6,4,20,0.429,0.519,0.948,199,16.60%,72,71
44,Dylan Larkin,76,32,41,73,75,-6,21:50,7,4,15,0.421,0.539,0.961,287,11.20%,80,38
45,David Krejcí,81,20,53,73,16,7,17:40,6,4,16,0.247,0.654,0.901,139,14.40%,28,24
46,Alexander Radulov,70,29,43,72,54,22,19:46,7,7,23,0.414,0.614,1.029,209,13.90%,60,83
47,Max Domi,82,28,44,72,80,20,17:22,4,2,11,0.341,0.537,0.878,203,13.80%,53,39
48,Evgeni Malkin,68,21,51,72,89,-25,18:48,9,5,26,0.309,0.75,1.059,187,11.20%,54,33
49,Evgeny Kuznetsov,76,21,51,72,50,7,18:47,8,3,23,0.276,0.671,0.947,193,10.90%,46,20
50,Morgan Rielly,82,20,52,72,14,24,23:07,3,5,21,0.244,0.634,0.878,223,9.00%,61,114
51,Mike Hoffman,82,36,34,70,30,-24,17:50,17,6,35,0.439,0.415,0.854,253,14.20%,42,26
52,Matt Duchene,73,31,39,70,8,-3,18:50,6,1,14,0.425,0.534,0.959,172,18.00%,28,40
53,Evgeny Dadonov,82,28,42,70,8,-6,18:22,8,4,17,0.341,0.512,0.854,195,14.40%,33,42
54,Logan Couture,81,27,43,70,22,-6,18:35,6,3,18,0.333,0.531,0.864,204,13.20%,65,52
55,John Carlson,80,13,57,70,34,21,25:03,3,1,33,0.163,0.713,0.875,185,7.00%,54,164
56,Cam Atkinson,80,41,28,69,20,3,19:22,8,8,14,0.513,0.35,0.863,295,13.90%,27,25
57,Ryan Nugent-Hopkins,82,28,41,69,26,-13,20:06,8,3,26,0.341,0.5,0.841,208,13.50%,69,40
58,Vladimir Tarasenko,76,33,35,68,22,8,18:23,12,5,22,0.434,0.461,0.895,275,12.00%,88,40
59,Kyle Connor,82,34,32,66,18,-7,19:15,11,5,19,0.415,0.39,0.805,227,15.00%,9,21
60,Timo Meier,78,30,36,66,55,9,16:58,6,2,10,0.385,0.462,0.846,250,12.00%,99,40
61,Elias Pettersson,71,28,38,66,12,3,18:13,10,7,22,0.394,0.535,0.93,144,19.40%,42,51
62,Jakub Vorácek,78,20,46,66,25,-16,18:40,4,2,18,0.256,0.59,0.846,210,9.50%,17,29
63,Sam Reinhart,82,22,43,65,16,-10,18:57,2,1,15,0.268,0.524,0.793,180,12.20%,38,47
64,Joe Pavelski,75,38,26,64,22,-4,19:02,12,6,21,0.507,0.347,0.853,188,20.20%,69,61
65,Ryan Johansen,80,14,50,64,42,7,19:33,0,6,16,0.175,0.625,0.8,136,10.30%,95,23
66,Jeff Skinner,82,40,23,63,36,0,18:31,8,7,16,0.488,0.28,0.768,268,14.90%,31,24
67,Mathew Barzal,82,18,44,62,46,-5,17:55,3,3,18,0.22,0.537,0.756,179,10.10%,25,56
68,Keith Yandle,82,9,53,62,50,-17,22:26,7,2,39,0.11,0.646,0.756,199,4.50%,47,76
69,Zach Parise,74,28,33,61,26,-2,18:40,10,5,16,0.378,0.446,0.824,229,12.20%,49,71
70,Bo Horvat,82,27,34,61,33,-4,20:50,7,3,18,0.329,0.415,0.744,227,11.90%,62,63
71,Pierre-Luc Dubois,82,27,34,61,64,16,17:42,2,5,9,0.329,0.415,0.744,174,15.50%,115,52
72,Anze Kopitar,81,22,38,60,30,-20,22:18,1,3,19,0.272,0.469,0.741,156,14.10%,59,66
73,Gustav Nyquist,81,22,38,60,12,1,17:31,2,3,12,0.272,0.469,0.741,204,10.80%,36,23
74,Erik Gustafsson,79,17,43,60,34,-6,22:35,4,3,18,0.215,0.544,0.759,160,10.60%,100,115
75,Jonathan Marchessault,82,25,34,59,52,2,18:08,5,6,16,0.305,0.415,0.72,278,9.00%,98,22
76,Tyson Barrie,78,14,45,59,36,-3,21:46,2,2,25,0.179,0.577,0.756,218,6.40%,48,93
77,Tomas Tatar,80,25,33,58,34,21,16:24,4,4,8,0.313,0.413,0.725,195,12.80%,77,30
78,Dylan Strome,78,20,37,57,20,-8,16:09,6,3,16,0.256,0.474,0.731,145,13.80%,13,46
79,Evander Kane,75,30,26,56,153,-4,18:24,5,1,11,0.4,0.347,0.747,268,11.20%,173,25
80,Brock Boeser,69,26,30,56,22,-2,19:09,6,3,15,0.377,0.435,0.812,209,12.40%,14,22
81,Ryan Dzingel,78,26,30,56,29,-9,16:48,5,5,11,0.333,0.385,0.718,159,16.40%,54,38
82,William Karlsson,82,24,32,56,16,1,18:50,7,5,14,0.293,0.39,0.683,169,14.20%,51,55
83,Kevin Labanc,82,17,39,56,36,-1,14:01,2,4,20,0.207,0.476,0.683,130,13.10%,66,16
84,Kristopher Letang,65,16,40,56,48,13,25:57,2,3,19,0.246,0.615,0.862,206,7.80%,116,111
85,Joshua Bailey,82,16,40,56,21,8,16:49,2,4,14,0.195,0.488,0.683,126,12.70%,19,32
86,Roman Josi,82,15,41,56,42,9,25:09,2,4,12,0.183,0.5,0.683,274,5.50%,53,144
87,Kevin Hayes,71,19,36,55,12,-2,18:16,3,2,11,0.268,0.507,0.775,156,12.20%,58,15
88,Thomas Chabot,70,14,41,55,32,-12,24:17,1,2,16,0.2,0.586,0.786,185,7.60%,71,112
89,Andreas Athanasiou,76,30,24,54,38,-9,16:58,3,4,11,0.395,0.316,0.711,216,13.90%,33,26
90,T.J. Oshie,69,25,29,54,36,5,18:36,6,4,14,0.362,0.42,0.783,143,17.50%,133,55
91,Brayden Schenn,72,17,37,54,40,3,18:35,4,5,12,0.236,0.514,0.75,159,10.70%,111,31
92,Mikael Granlund,79,16,38,54,24,-8,18:20,2,5,20,0.203,0.481,0.684,189,8.50%,46,40
93,Victor Hedman,70,12,42,54,44,24,22:46,2,4,25,0.171,0.6,0.771,182,6.60%,59,97
94,Jamie Benn,78,27,26,53,56,14,18:13,8,2,11,0.346,0.333,0.679,189,14.30%,142,71
95,Brock Nelson,82,25,28,53,28,20,17:58,2,3,8,0.305,0.341,0.646,181,13.80%,51,55
96,Justin Williams,82,23,30,53,44,-4,17:26,9,5,14,0.28,0.366,0.646,237,9.70%,55,32
97,Nino Niederreiter,82,23,30,53,30,-4,16:13,6,3,15,0.28,0.366,0.646,184,12.50%,94,20
98,Reilly Smith,74,19,34,53,14,13,18:16,4,1,14,0.257,0.459,0.716,178,10.70%,39,33
99,Jonathan Drouin,81,18,35,53,26,-8,16:55,3,3,16,0.222,0.432,0.654,190,9.50%,55,23
100,Phillip Danault,81,12,41,53,39,17,17:46,0,1,4,0.148,0.506,0.654,132,9.10%,95,60
101,Torey Krug,64,6,47,53,33,-2,21:18,2,2,30,0.094,0.734,0.828,151,4.00%,53,60
102,Brendan Gallagher,82,33,19,52,49,10,16:23,4,4,7,0.402,0.232,0.634,302,10.90%,126,31
103,Chris Kreider,79,28,24,52,57,4,17:24,7,2,12,0.354,0.304,0.658,201,13.90%,159,49
104,Eric Staal,81,22,30,52,34,-7,18:07,7,6,15,0.272,0.37,0.642,215,10.20%,41,28
105,Alex Tuch,74,20,32,52,8,13,16:43,3,6,6,0.27,0.432,0.703,180,11.10%,92,40
106,Anders Lee,82,28,23,51,58,20,17:05,10,5,16,0.341,0.28,0.622,204,13.70%,103,51
107,Dustin Brown,72,22,29,51,24,-17,20:24,9,3,12,0.306,0.403,0.708,180,12.20%,150,29
108,Joe Thornton,73,16,35,51,20,8,15:32,3,4,15,0.219,0.479,0.699,90,17.80%,17,14
109,Patrik Laine,82,30,20,50,42,-24,17:13,15,3,23,0.366,0.244,0.61,245,12.20%,70,44
110,Filip Forsberg,64,28,22,50,26,8,18:36,7,4,10,0.438,0.344,0.781,217,12.90%,100,29
111,Kyle Palmieri,74,27,23,50,42,-9,18:09,11,2,18,0.365,0.311,0.676,224,12.10%,98,35
112,Jacob Trouba,82,8,42,50,58,8,22:52,3,1,18,0.098,0.512,0.61,162,4.90%,112,171
113,Travis Konecny,82,24,25,49,40,-4,15:15,4,3,8,0.293,0.305,0.598,182,13.20%,65,45
114,Carl Söderberg,82,23,26,49,26,-5,17:26,2,2,10,0.28,0.317,0.598,188,12.20%,99,67
115,Viktor Arvidsson,58,34,14,48,26,12,19:08,3,7,4,0.586,0.241,0.828,195,17.40%,18,23
116,James van Riemsdyk,66,27,21,48,18,-10,16:36,8,4,13,0.409,0.318,0.727,167,16.20%,34,16
117,Anthony Mantha,67,25,23,48,30,-8,17:49,7,1,13,0.373,0.343,0.716,198,12.60%,67,23
118,Yanni Gourde,80,22,26,48,66,9,15:50,5,5,9,0.275,0.325,0.6,130,16.90%,83,30
119,Ryan Getzlaf,67,14,34,48,58,-19,19:27,1,2,11,0.209,0.507,0.716,133,10.50%,150,74
120,Chris Tierney,81,9,39,48,26,-22,17:01,0,1,10,0.111,0.481,0.593,116,7.80%,30,54
121,Tyler Johnson,80,29,18,47,28,15,15:56,1,4,8,0.363,0.225,0.588,163,17.80%,50,32
122,Josh Anderson,82,27,20,47,60,25,17:01,3,5,7,0.329,0.244,0.573,230,11.70%,214,40
123,Jakub Vrana,82,24,23,47,27,20,14:02,1,4,4,0.293,0.28,0.573,161,14.90%,47,32
124,Brandon Saad,80,23,24,47,12,-9,17:41,5,3,6,0.288,0.3,0.588,195,11.80%,52,25
125,Tyler Bertuzzi,73,21,26,47,36,11,16:30,3,4,6,0.288,0.356,0.644,131,16.00%,76,39
126,Mikael Backlund,77,21,26,47,52,34,17:53,1,4,2,0.273,0.338,0.61,205,10.20%,52,26
127,Andrew Shaw,63,19,28,47,71,17,15:54,3,3,6,0.302,0.444,0.746,135,14.10%,128,36
128,Nico Hischier,69,17,30,47,24,0,18:06,3,3,11,0.246,0.435,0.681,160,10.60%,53,44
129,Clayton Keller,82,14,33,47,24,-21,18:14,1,5,19,0.171,0.402,0.573,200,7.00%,16,21
130,J.T. Miller,75,13,34,47,30,8,14:39,4,4,20,0.173,0.453,0.627,108,12.00%,115,23
131,Ryan Suter,82,7,40,47,41,-8,26:41,3,2,15,0.085,0.488,0.573,136,5.20%,78,109
132,David Perron,57,23,23,46,46,3,17:05,7,1,14,0.404,0.404,0.807,112,20.50%,52,13
133,Brett Connolly,81,22,24,46,24,13,13:19,1,5,2,0.272,0.296,0.568,139,15.80%,53,25
134,Travis Zajac,80,19,27,46,20,-25,19:16,5,3,12,0.238,0.338,0.575,120,15.80%,66,38
135,Jeff Petry,82,13,33,46,28,-5,23:07,3,4,11,0.159,0.402,0.561,172,7.60%,190,123
136,Seth Jones,75,9,37,46,28,1,25:49,0,4,10,0.12,0.493,0.613,184,4.90%,106,133
137,Ryan McDonagh,82,9,37,46,34,38,22:05,0,1,3,0.11,0.451,0.561,128,7.00%,98,161
138,Brady Tkachuk,71,22,23,45,75,-10,16:01,4,3,10,0.31,0.324,0.634,214,10.30%,174,26
139,John Klingberg,64,10,35,45,12,6,24:31,5,5,20,0.156,0.547,0.703,153,6.50%,42,77
140,Drew Doughty,82,8,37,45,44,-34,26:35,7,1,24,0.098,0.451,0.549,154,5.20%,168,120
141,Erik Karlsson,53,3,42,45,22,6,24:29,2,1,20,0.057,0.792,0.849,169,1.80%,44,69
142,Kasperi Kapanen,78,20,24,44,27,12,16:36,1,3,3,0.256,0.308,0.564,174,11.50%,92,19
143,Nazem Kadri,73,16,28,44,43,-2,16:11,4,5,13,0.219,0.384,0.603,184,8.70%,85,13
144,Oliver Ekman-Larsson,81,14,30,44,52,-16,23:38,5,2,19,0.173,0.37,0.543,176,8.00%,162,52
145,Zachary Werenski,82,11,33,44,18,-12,22:53,2,1,15,0.134,0.402,0.537,168,6.60%,67,89
146,Rasmus Dahlin,82,9,35,44,34,-13,21:09,5,4,20,0.11,0.427,0.537,177,5.10%,97,66
147,Mattias Ekholm,80,8,36,44,47,27,23:21,2,3,7,0.1,0.45,0.55,146,5.50%,68,107
148,Jakob Silfverberg,73,24,19,43,28,-9,17:05,3,4,11,0.329,0.26,0.589,163,14.70%,38,43
149,Andreas Johnson,73,20,23,43,32,14,13:40,3,3,6,0.274,0.315,0.589,130,15.40%,60,36
150,Rickard Rakell,69,18,25,43,27,-13,18:28,6,2,13,0.261,0.362,0.623,194,9.30%,82,38
151,Jared Spurgeon,82,14,29,43,20,-1,24:08,4,0,11,0.171,0.354,0.524,152,9.20%,91,145
152,Rasmus Ristolainen,78,5,38,43,38,-41,24:38,1,2,17,0.064,0.487,0.551,182,2.80%,235,121
153,Jake DeBrusk,68,27,15,42,18,2,16:09,8,4,11,0.397,0.221,0.618,156,17.30%,45,24
154,Jason Zucker,81,21,21,42,28,-9,17:04,7,5,14,0.259,0.259,0.519,214,9.80%,87,38
155,Adam Henrique,82,18,24,42,24,-5,16:27,8,3,13,0.22,0.293,0.512,122,14.80%,78,71
156,Bobby Ryan,78,15,27,42,35,-29,15:40,7,1,16,0.192,0.346,0.538,160,9.40%,77,49
157,Alexander Kerfoot,78,15,27,42,38,-9,14:52,4,1,16,0.192,0.346,0.538,116,12.90%,22,29
158,Paul Stastny,50,13,29,42,30,14,18:06,1,2,4,0.26,0.58,0.84,103,12.60%,35,15
159,Cody Eakin,78,22,19,41,16,19,15:22,1,3,4,0.282,0.244,0.526,120,18.30%,88,35
160,Zach Hyman,71,21,20,41,65,16,17:16,0,4,0,0.296,0.282,0.577,144,14.60%,102,39
161,Alex Galchenyuk,72,19,22,41,34,-19,15:43,9,4,21,0.264,0.306,0.569,159,12.00%,62,34
162,Bryan Little,82,15,26,41,26,-12,15:49,4,5,7,0.183,0.317,0.5,126,11.90%,62,29
163,Colin White,71,14,27,41,24,-24,16:11,5,2,8,0.197,0.38,0.577,123,11.40%,23,35
164,Alex Pietrangelo,71,13,28,41,22,2,24:04,3,2,15,0.183,0.394,0.577,168,7.70%,62,139
165,Darnell Nurse,82,10,31,41,87,-5,23:48,1,1,9,0.122,0.378,0.5,196,5.10%,162,146
166,Ryan Ellis,82,7,34,41,20,21,24:00,1,2,5,0.085,0.415,0.5,149,4.70%,71,154
167,Tom Wilson,63,22,18,40,128,11,18:08,3,2,5,0.349,0.286,0.635,130,16.90%,200,52
168,Max Pacioretty,66,22,18,40,36,-13,17:00,4,5,8,0.333,0.273,0.606,191,11.50%,119,20
169,Alex Killorn,82,18,22,40,45,22,14:52,2,2,5,0.22,0.268,0.488,153,11.80%,88,23
170,Michael Ferland,71,17,23,40,58,13,14:05,6,3,13,0.239,0.324,0.563,156,10.90%,182,19
171,Mats Zuccarello,48,12,28,40,24,-8,19:51,3,1,15,0.25,0.583,0.833,104,11.50%,57,43
172,Duncan Keith,82,6,34,40,70,13,23:01,0,1,3,0.073,0.415,0.488,141,4.30%,42,144
173,Frank Vatrano,81,24,15,39,38,-10,14:39,2,1,8,0.296,0.185,0.481,208,11.50%,139,74
174,Anthony Cirelli,82,19,20,39,34,25,14:50,0,5,1,0.232,0.244,0.476,123,15.50%,94,49
175,Dougie Hamilton,82,18,21,39,54,0,19:40,2,2,7,0.22,0.256,0.476,259,7.00%,160,91
176,Vince Hinostroza,72,16,23,39,14,-4,15:16,3,3,5,0.222,0.319,0.542,152,10.50%,69,41
177,Kevin Fiala,83,13,26,39,36,-23,15:38,2,2,11,0.157,0.313,0.47,174,7.50%,42,20
178,Damon Severson,82,11,28,39,58,-27,22:02,3,0,12,0.134,0.341,0.476,146,7.50%,83,87
179,Alex Chiasson,73,22,16,38,32,-1,16:58,8,1,15,0.301,0.219,0.521,123,17.90%,85,31
180,Pavel Buchnevich,64,21,17,38,13,-10,15:10,7,1,12,0.328,0.266,0.594,119,17.70%,60,20
181,Craig Smith,76,21,17,38,20,11,15:07,4,2,8,0.276,0.224,0.5,205,10.20%,77,33
182,Boone Jenner,77,16,22,38,42,6,17:03,1,3,3,0.208,0.286,0.494,170,9.40%,158,70
183,Tyler Bozak,72,13,25,38,20,-3,16:20,2,3,8,0.181,0.347,0.528,141,9.20%,52,33
184,Derek Ryan,81,13,25,38,24,21,13:48,2,1,7,0.16,0.309,0.469,103,12.60%,19,19
185,Nikolaj Ehlers,62,21,16,37,15,2,15:45,2,4,7,0.339,0.258,0.597,158,13.30%,27,16
186,Andrei Svechnikov,82,20,17,37,62,0,14:38,0,3,5,0.244,0.207,0.451,189,10.60%,123,26
187,Jordan Eberle,78,19,18,37,17,-6,16:31,7,5,12,0.244,0.231,0.474,160,11.90%,36,35
188,Patric Hörnqvist,69,18,19,37,26,-3,15:28,6,2,12,0.261,0.275,0.536,197,9.10%,150,34
189,Patrick Marleau,82,16,21,37,28,-6,16:20,4,3,10,0.195,0.256,0.451,161,9.90%,74,41
190,Artem Anisimov,78,15,22,37,14,-2,16:20,1,1,4,0.192,0.282,0.474,142,10.60%,25,33
191,Joonas Donskoi,80,14,23,37,10,10,13:25,1,4,3,0.175,0.288,0.463,115,12.20%,36,36
192,Dominik Kahun,82,13,24,37,6,10,14:09,1,2,2,0.159,0.293,0.451,137,9.50%,13,27
193,Aaron Ekblad,82,13,24,37,47,1,23:38,5,1,10,0.159,0.293,0.451,180,7.20%,114,88
194,Shea Theodore,79,12,25,37,20,-4,20:06,4,1,9,0.152,0.316,0.468,202,5.90%,27,91
195,Taylor Hall,33,11,26,37,16,-6,19:41,1,3,12,0.333,0.788,1.121,113,9.70%,22,29
196,Shayne Gostisbehere,78,9,28,37,22,-20,19:39,4,2,14,0.115,0.359,0.474,180,5.00%,46,102
197,Jake Muzzin,80,9,28,37,47,21,21:20,1,1,5,0.113,0.35,0.463,141,6.40%,172,134
198,Ryan Pulock,82,9,28,37,22,21,22:21,3,3,9,0.11,0.341,0.451,180,5.00%,143,148
199,Oliver Bjorkstrand,77,23,13,36,8,8,12:20,3,1,3,0.299,0.169,0.468,161,14.30%,43,34
200,Blake Coleman,78,22,14,36,71,-19,17:00,3,3,3,0.282,0.179,0.462,213,10.30%,225,44
201,Thomas Vanek,64,16,20,36,26,-12,14:06,4,1,11,0.25,0.313,0.563,108,14.80%,38,13
202,Lars Eller,81,13,23,36,37,-1,16:32,0,1,3,0.16,0.284,0.444,163,8.00%,69,47
203,Jaden Schwartz,69,11,25,36,16,-6,18:07,2,1,5,0.159,0.362,0.522,183,6.00%,61,27
204,Jared McCann,78,19,16,35,31,-1,14:31,1,2,3,0.244,0.205,0.449,150,12.70%,77,51
205,Ryan Strome,81,19,16,35,64,-3,15:34,4,2,7,0.235,0.198,0.432,110,17.30%,76,36
206,Bryan Rust,72,18,17,35,24,10,15:54,0,4,0,0.25,0.236,0.486,141,12.80%,119,59
207,Nick Foligno,73,17,18,35,44,12,17:42,2,2,4,0.233,0.247,0.479,141,12.10%,175,51
208,Nick Bonino,81,17,18,35,18,27,16:18,3,1,3,0.21,0.222,0.432,118,14.40%,24,70
209,Jimmy Vesey,81,17,18,35,21,-6,16:03,1,4,4,0.21,0.222,0.432,154,11.00%,79,34
210,Derek Stepan,72,15,20,35,14,-2,19:13,1,3,3,0.208,0.278,0.486,195,7.70%,50,51
211,Vince Dunn,78,12,23,35,45,14,17:31,3,4,8,0.154,0.295,0.449,150,8.00%,48,68
212,Justin Faulk,82,11,24,35,47,9,22:25,6,3,10,0.134,0.293,0.427,217,5.10%,156,121
213,Frans Nielsen,72,10,25,35,14,-7,16:40,0,4,8,0.139,0.347,0.486,120,8.30%,79,44
214,Travis Sanheim,82,9,26,35,22,-4,19:33,2,2,5,0.11,0.317,0.427,121,7.40%,45,133
215,Brandon Montour,82,8,27,35,56,-20,22:26,1,2,6,0.098,0.329,0.427,181,4.40%,99,121
216,Mikkel Bødker,71,7,28,35,6,-23,14:01,2,1,7,0.099,0.394,0.493,88,8.00%,54,28
217,Ilya Kovalchuk,64,16,18,34,10,-26,16:13,4,1,9,0.25,0.281,0.531,141,11.40%,28,19
218,Michael Frolík,65,16,18,34,26,24,13:21,0,4,0,0.246,0.277,0.523,132,12.10%,57,22
219,Conor Sheary,78,14,20,34,12,-18,14:37,4,3,6,0.179,0.256,0.436,147,9.50%,29,29
220,Tyler Toffoli,82,13,21,34,23,-16,17:12,3,3,5,0.159,0.256,0.415,226,5.80%,39,23
221,Charlie Coyle,81,12,22,34,20,-1,16:46,1,2,4,0.148,0.272,0.42,155,7.70%,77,56
222,Danton Heinen,77,11,23,34,16,13,13:58,1,2,7,0.143,0.299,0.442,114,9.70%,54,36
223,Jesperi Kotkaniemi,79,11,23,34,26,1,13:44,1,2,5,0.139,0.291,0.43,134,8.20%,66,41
224,Vincent Trocheck,55,10,24,34,54,-9,19:39,3,1,13,0.182,0.436,0.618,158,6.30%,112,42
225,Alexander Edler,56,10,24,34,54,3,24:34,4,2,17,0.179,0.429,0.607,128,7.80%,127,166
226,T.J. Brodie,79,9,25,34,24,29,21:28,1,1,4,0.114,0.316,0.43,102,8.80%,21,86
227,Ondrej Palat,64,8,26,34,20,4,14:53,2,1,8,0.125,0.406,0.531,100,8.00%,104,34
228,Casey Cizikas,73,20,13,33,36,22,14:01,0,3,0,0.274,0.178,0.452,111,18.00%,129,68
229,Anthony Duclair,74,19,14,33,14,-2,12:42,7,3,8,0.257,0.189,0.446,132,14.40%,32,33
230,Oskar Lindblom,81,17,16,33,20,-9,13:44,2,2,3,0.21,0.198,0.407,162,10.50%,68,52
231,Alex Iafallo,82,15,18,33,22,-17,16:49,2,2,6,0.183,0.22,0.402,148,10.10%,87,54
232,Shea Weber,58,14,19,33,28,15,23:29,5,3,6,0.241,0.328,0.569,166,8.40%,129,110
233,Richard Panik,75,14,19,33,44,-3,16:36,0,2,2,0.187,0.253,0.44,140,10.00%,137,52
234,Jeff Carter,76,13,20,33,42,-20,18:09,5,1,13,0.171,0.263,0.434,174,7.50%,80,30
235,Miro Heiskanen,82,12,21,33,16,-14,23:06,2,4,8,0.146,0.256,0.402,182,6.60%,34,71
236,Robert Thomas,70,9,24,33,14,-2,13:04,3,0,7,0.129,0.343,0.471,80,11.30%,13,22
237,Jesper Bratt,51,8,25,33,6,-8,15:10,1,1,8,0.157,0.49,0.647,91,8.80%,36,22
238,Noah Hanifin,80,5,28,33,12,18,20:46,1,2,5,0.063,0.35,0.413,116,4.30%,87,83
239,J.T. Compher,66,16,16,32,31,-8,17:28,4,3,9,0.242,0.242,0.485,118,13.60%,33,59
240,Mark Jankowski,79,14,18,32,12,6,12:42,0,1,0,0.177,0.228,0.405,99,14.10%,30,56
241,Scott Laughton,82,12,20,32,53,-11,14:51,0,1,0,0.146,0.244,0.39,130,9.20%,146,46
242,Esa Lindell,82,11,21,32,33,14,24:19,4,1,7,0.134,0.256,0.39,132,8.30%,143,161
243,Mikhail Sergachyov,75,6,26,32,28,12,17:55,0,0,6,0.08,0.347,0.427,128,4.70%,97,93
244,Valtteri Filppula,72,17,14,31,16,19,14:16,0,4,0,0.236,0.194,0.431,78,21.80%,12,34
245,Jason Pominville,73,16,15,31,4,-4,12:27,1,3,2,0.219,0.205,0.425,134,11.90%,18,20
246,Paul Byron,56,15,16,31,17,16,14:34,0,3,1,0.268,0.286,0.554,94,16.00%,114,36
247,Oscar Sundqvist,74,14,17,31,22,-1,13:49,0,2,1,0.189,0.23,0.419,113,12.40%,101,31
248,Nolan Patrick,72,13,18,31,27,-8,15:04,1,3,2,0.181,0.25,0.431,115,11.30%,72,26
249,Vladislav Namestnikov,78,11,20,31,44,-7,15:47,1,3,3,0.141,0.256,0.397,119,9.20%,140,62
250,Artturi Lehkonen,82,11,20,31,32,10,15:33,0,4,0,0.134,0.244,0.378,176,6.30%,120,39
251,Nick Ritchie,60,9,22,31,82,6,15:00,2,2,9,0.15,0.367,0.517,96,9.40%,123,31
252,P.K. Subban,63,9,22,31,60,5,22:39,2,1,10,0.143,0.349,0.492,168,5.40%,56,75
253,Antoine Roussel,65,9,22,31,118,5,13:45,0,1,0,0.138,0.338,0.477,84,10.70%,87,50
254,Tyler Myers,80,9,22,31,63,11,20:20,0,3,7,0.113,0.275,0.388,156,5.80%,97,99
255,Jaccob Slavin,82,8,23,31,18,0,23:02,5,1,7,0.098,0.28,0.378,146,5.50%,70,133
256,Josh Morrissey,59,6,25,31,14,9,22:24,3,2,10,0.102,0.424,0.525,95,6.30%,55,107
257,Dustin Byfuglien,42,4,27,31,69,4,24:21,1,1,16,0.095,0.643,0.738,115,3.50%,77,51
258,Wayne Simmonds,79,17,13,30,99,-16,15:39,5,2,8,0.215,0.165,0.38,157,10.80%,137,28
259,Marcus Sörensen,80,17,13,30,23,10,12:57,0,1,0,0.213,0.163,0.375,100,17.00%,88,29
260,Colton Sissons,75,15,15,30,23,20,16:02,1,3,2,0.2,0.2,0.4,111,13.50%,109,52
261,Radek Faksa,81,15,15,30,54,-3,16:25,1,1,3,0.185,0.185,0.37,114,13.20%,103,65
262,Mathieu Perreault,82,15,15,30,44,-1,12:13,4,3,7,0.183,0.183,0.366,95,15.80%,127,25
263,Marcus Johansson,58,13,17,30,8,-16,15:55,2,1,9,0.224,0.293,0.517,115,11.30%,28,24
264,Nate Schmidt,61,9,21,30,8,22,21:57,1,1,8,0.148,0.344,0.492,112,8.00%,37,100
265,Anthony DeAngelo,61,4,26,30,77,6,19:19,0,0,10,0.066,0.426,0.492,111,3.60%,54,82
266,Will Butcher,78,4,26,30,18,-17,19:16,1,1,14,0.051,0.333,0.385,108,3.70%,38,74
267,Jake Gardiner,62,3,27,30,26,19,21:12,0,0,5,0.048,0.435,0.484,78,3.90%,61,64
268,Kyle Okposo,78,14,15,29,41,-9,13:47,7,2,11,0.179,0.192,0.372,147,9.50%,87,27
269,Brandon Tanev,80,14,15,29,41,9,14:06,0,0,0,0.175,0.188,0.363,127,11.00%,278,81
270,Loui Eriksson,81,11,18,29,22,-11,14:03,1,2,3,0.136,0.222,0.358,107,10.30%,3,28
271,Devin Shore,76,10,19,29,13,-12,14:15,2,4,5,0.132,0.25,0.382,82,12.20%,94,64
272,Evan Rodrigues,74,9,20,29,25,-7,15:49,2,1,4,0.122,0.27,0.392,168,5.40%,33,33
273,Mikko Koivu,48,8,21,29,22,-2,18:17,2,0,12,0.167,0.438,0.604,89,9.00%,13,32
274,Connor Brown,82,8,21,29,16,11,13:47,0,0,1,0.098,0.256,0.354,85,9.40%,35,37
275,Brett Pesce,73,7,22,29,24,35,20:29,0,2,0,0.096,0.301,0.397,98,7.10%,53,131
276,Colin Miller,65,3,26,29,44,0,19:38,1,0,13,0.046,0.4,0.446,131,2.30%,122,64
277,Dmitry Orlov,82,3,26,29,33,3,21:38,0,0,1,0.037,0.317,0.354,101,3.00%,137,103
278,Ryan Murray,56,1,28,29,10,20,21:26,0,0,1,0.018,0.5,0.518,71,1.40%,27,93
279,Anthony Beauvillier,81,18,10,28,8,1,14:38,1,4,2,0.222,0.123,0.346,156,11.50%,87,35
280,Adrian Kempe,81,12,16,28,50,-10,14:30,0,2,4,0.148,0.198,0.346,118,10.20%,86,21
281,Jordan Staal,50,11,17,28,26,6,18:17,0,1,2,0.22,0.34,0.56,121,9.10%,122,18
282,Patrick Maroon,74,10,18,28,64,-3,14:10,2,3,11,0.135,0.243,0.378,118,8.50%,135,7
283,Colton Parayko,80,10,18,28,15,20,22:47,4,3,8,0.125,0.225,0.35,176,5.70%,127,157
284,Lucas Wallmark,81,10,18,28,36,-8,14:47,2,4,7,0.123,0.222,0.346,131,7.60%,82,39
285,Zack Smith,70,9,19,28,81,-6,16:21,0,1,0,0.129,0.271,0.4,101,8.90%,136,27
286,Dominik Simon,71,8,20,28,18,8,13:19,1,0,3,0.113,0.282,0.394,121,6.60%,89,19
287,Charlie McAvoy,54,7,21,28,45,14,22:10,1,3,2,0.13,0.389,0.519,79,8.90%,92,91
288,Hampus Lindholm,76,6,22,28,44,-5,23:59,1,0,6,0.079,0.289,0.368,125,4.80%,81,133
289,Oscar Klefbom,61,5,23,28,16,-11,23:59,1,2,11,0.082,0.377,0.459,167,3.00%,44,102
290,Brent Seabrook,78,5,23,28,41,-6,19:05,2,1,10,0.064,0.295,0.359,165,3.00%,124,180
291,Kevin Shattenkirk,73,2,26,28,20,-15,18:56,1,0,7,0.027,0.356,0.384,148,1.40%,73,104
292,Brad Richardson,66,19,8,27,22,6,15:57,0,3,0,0.288,0.121,0.409,128,14.80%,63,55
293,Tanner Pearson,80,18,9,27,25,-15,14:03,3,1,5,0.225,0.113,0.338,147,12.20%,128,41
294,Sam Bennett,71,13,14,27,93,-6,13:17,4,2,6,0.183,0.197,0.38,115,11.30%,121,27
295,Colin Wilson,65,12,15,27,8,-6,13:33,5,2,7,0.185,0.231,0.415,104,11.50%,55,31
296,Alexander Steen,65,10,17,27,14,2,15:50,2,0,5,0.154,0.262,0.415,114,8.80%,55,50
297,Michael Matheson,75,8,19,27,44,-24,22:19,0,2,6,0.107,0.253,0.36,129,6.20%,63,132
298,Jason Spezza,76,8,19,27,29,-13,13:16,2,1,12,0.105,0.25,0.355,121,6.60%,16,30
299,William Nylander,54,7,20,27,16,-4,15:30,1,0,6,0.13,0.37,0.5,130,5.40%,16,14
300,Nikolai Goldobin,63,7,20,27,18,-10,14:59,1,1,9,0.111,0.317,0.429,105,6.70%,15,21
301,Nick Cousins,81,7,20,27,35,-8,13:32,1,2,3,0.086,0.247,0.333,144,4.90%,115,51
302,Samuel Girard,82,4,23,27,6,8,19:53,0,0,9,0.049,0.28,0.329,116,3.50%,65,90
303,Alex Goligoski,76,3,24,27,16,-7,20:49,1,0,7,0.039,0.316,0.355,102,2.90%,79,154
304,Niklas Kronwall,79,3,24,27,40,-5,19:57,1,0,8,0.038,0.304,0.342,71,4.20%,84,96
305,Zack Kassian,79,15,11,26,102,-6,14:48,0,3,0,0.19,0.139,0.329,111,13.50%,191,15
306,Nick Bjugstad,64,14,12,26,30,6,15:07,2,2,6,0.219,0.188,0.406,154,9.10%,126,27
307,Ivan Barbashev,80,14,12,26,17,-4,11:30,0,1,0,0.175,0.15,0.325,60,23.30%,86,31
308,Mathieu Joseph,70,13,13,26,26,5,11:21,0,1,0,0.186,0.186,0.371,95,13.70%,129,14
309,Ryan Hartman,83,12,14,26,74,1,13:07,0,2,0,0.145,0.169,0.313,145,8.30%,107,39
310,Tyson Jost,70,11,15,26,14,-2,13:00,4,3,5,0.157,0.214,0.371,114,9.70%,48,35
311,Matt Calvert,82,11,15,26,58,-10,14:11,1,0,2,0.134,0.183,0.317,141,7.80%,115,51
312,Calle Järnkrok,79,10,16,26,12,13,15:25,1,1,2,0.127,0.203,0.329,106,9.40%,56,22
313,Brock McGinn,82,10,16,26,20,10,14:18,0,0,0,0.122,0.195,0.317,123,8.10%,137,38
314,Cody Ceci,74,7,19,26,18,-22,22:33,0,2,1,0.095,0.257,0.351,132,5.30%,120,142
315,Ivan Provorov,82,7,19,26,32,-16,25:06,0,1,2,0.085,0.232,0.317,145,4.80%,123,149
316,Neal Pionk,73,6,20,26,35,-16,21:09,2,1,13,0.082,0.274,0.356,132,4.60%,138,98
317,Leo Komarov,82,6,20,26,42,18,13:53,0,1,0,0.073,0.244,0.317,78,7.70%,203,38
318,Mike Green,43,5,21,26,28,-1,21:40,0,0,3,0.116,0.488,0.605,92,5.40%,60,56
319,Nick Leddy,82,4,22,26,18,0,21:33,0,0,10,0.049,0.268,0.317,116,3.50%,77,89
320,Jake Virtanen,70,15,10,25,44,-4,14:49,2,1,2,0.214,0.143,0.357,154,9.70%,154,37
321,Jordan Martinook,82,15,10,25,38,1,14:29,0,5,0,0.183,0.122,0.305,146,10.30%,199,46
322,Pavel Zacha,61,13,12,25,15,-6,16:04,4,2,6,0.213,0.197,0.41,99,13.10%,68,24
323,Pontus Åberg,59,12,13,25,20,-14,14:35,3,1,7,0.203,0.22,0.424,101,11.90%,45,11
324,Andre Burakovsky,76,12,13,25,14,2,11:07,1,4,1,0.158,0.171,0.329,100,12.00%,35,29
325,Casey Mittelstadt,77,12,13,25,10,-19,13:27,3,1,10,0.156,0.169,0.325,118,10.20%,30,16
326,Andrew Copp,69,11,14,25,6,20,12:09,0,2,0,0.159,0.203,0.362,82,13.40%,71,34
327,Lawson Crouse,81,11,14,25,67,5,12:56,0,1,0,0.136,0.173,0.309,131,8.40%,288,44
328,Ryan Donato,56,10,15,25,6,-15,13:41,3,1,8,0.179,0.268,0.446,139,7.20%,24,21
329,Brady Skjei,78,8,17,25,44,-4,21:14,0,1,0,0.103,0.218,0.321,126,6.40%,178,119
330,Matt Niskanen,80,8,17,25,41,-3,21:55,1,1,2,0.1,0.213,0.313,143,5.60%,167,137
331,Nick Schmaltz,40,7,18,25,8,-12,17:49,5,2,8,0.175,0.45,0.625,62,11.30%,5,12
332,Erik Johnson,80,7,18,25,38,8,21:48,0,1,0,0.088,0.225,0.313,144,4.90%,124,143
333,Michal Kempny,71,6,19,25,60,24,19:11,0,3,0,0.085,0.268,0.352,111,5.40%,84,135
334,Mattias Janmark-Nylén,81,6,19,25,24,-4,15:12,0,0,1,0.074,0.235,0.309,105,5.70%,28,44
335,Andy Greene,82,5,20,25,16,-9,20:50,0,0,2,0.061,0.244,0.305,104,4.80%,67,208
336,Marc-Edouard Vlasic,72,3,22,25,10,-6,21:02,0,0,1,0.042,0.306,0.347,100,3.00%,23,114
337,Alexander Wennberg,75,2,23,25,12,-1,15:04,1,0,6,0.027,0.307,0.333,64,3.10%,34,32
338,Marcus Pettersson,84,2,23,25,66,17,16:40,1,0,5,0.024,0.274,0.298,87,2.30%,101,108
339,Brian Boyle,73,18,6,24,38,-14,13:26,7,4,9,0.247,0.082,0.329,123,14.60%,145,50
340,Josh Leivo,76,14,10,24,32,5,14:01,3,2,7,0.184,0.132,0.316,151,9.30%,44,23
341,Jordan Greenway,81,12,12,24,29,-12,13:37,0,0,0,0.148,0.148,0.296,109,11.00%,57,40
342,Miles Wood,63,10,14,24,91,-10,13:41,1,1,3,0.159,0.222,0.381,159,6.30%,97,27
343,Jack Roslovic,77,9,15,24,4,-2,09:44,5,0,7,0.117,0.195,0.312,74,12.20%,32,21
344,David Savard,82,8,16,24,36,19,19:44,0,1,0,0.098,0.195,0.293,124,6.50%,122,123
345,Kenny Agostino,63,6,18,24,34,-3,12:55,0,0,5,0.095,0.286,0.381,79,7.60%,143,14
346,Daniel Sprong,63,14,9,23,10,-16,11:57,2,3,5,0.222,0.143,0.365,125,11.20%,35,14
347,Derick Brassard,70,14,9,23,39,-19,14:59,2,0,5,0.2,0.129,0.329,110,12.70%,102,15
348,Joel Armia,57,13,10,23,14,0,15:47,2,2,6,0.228,0.175,0.404,134,9.70%,113,21
349,Drake Caggiula,55,12,11,23,28,-5,14:25,0,2,0,0.218,0.2,0.418,96,12.50%,135,26
350,Adam Lowry,78,12,11,23,33,6,14:38,0,3,0,0.154,0.141,0.295,105,11.40%,223,49